Aaron_Pena_0001.jpg,Aaron_Pena
Aaron_Pena_0002.jpg,Aaron_Pena
Abdel_Nasser_Assidi_0001.jpg,Abdel_Nasser_Assidi
Abdel_Nasser_Assidi_0002.jpg,Abdel_Nasser_Assidi
Abdel_Nasser_Assidi_0003.jpg,Abdel_Nasser_Assidi
Abdullah_Gul_0001.jpg,Abdullah_Gul
Abdullah_Gul_0002.jpg,Abdullah_Gul
Abdullah_Gul_0003.jpg,Abdullah_Gul
Abdullatif_Sener_0001.jpg,Abdullatif_Sener
Abdullatif_Sener_0002.jpg,Abdullatif_Sener
Abel_Pacheco_0001.jpg,Abel_Pacheco
Abel_Pacheco_0002.jpg,Abel_Pacheco
Abel_Pacheco_0003.jpg,Abel_Pacheco
Abel_Pacheco_0004.jpg,Abel_Pacheco
Abraham_Foxman_0001.jpg,Abraham_Foxman
Abraham_Foxman_0002.jpg,Abraham_Foxman
Abraham_Foxman_0003.jpg,Abraham_Foxman
Abraham_Foxman_0004.jpg,Abraham_Foxman
Adam_Ant_0001.jpg,Adam_Ant
Adam_Ant_0002.jpg,Adam_Ant
Adolfo_Rodriguez_Saa_0001.jpg,Adolfo_Rodriguez_Saa
Adolfo_Rodriguez_Saa_0002.jpg,Adolfo_Rodriguez_Saa
Adolfo_Rodriguez_Saa_0003.jpg,Adolfo_Rodriguez_Saa
Adolfo_Rodriguez_Saa_0004.jpg,Adolfo_Rodriguez_Saa
Adrian_Annus_0001.jpg,Adrian_Annus
Adrian_Annus_0002.jpg,Adrian_Annus
Ahmed_Ahmed_0001.jpg,Ahmed_Ahmed
Ahmed_Ahmed_0002.jpg,Ahmed_Ahmed
Ahmet_Demir_0001.jpg,Ahmet_Demir
Ahmet_Demir_0002.jpg,Ahmet_Demir
Aicha_El_Ouafi_0001.jpg,Aicha_El_Ouafi
Aicha_El_Ouafi_0002.jpg,Aicha_El_Ouafi
Akmal_Taher_0001.jpg,Akmal_Taher
Akmal_Taher_0002.jpg,Akmal_Taher
Akmal_Taher_0003.jpg,Akmal_Taher
Alan_Dershowitz_0001.jpg,Alan_Dershowitz
Alan_Dershowitz_0002.jpg,Alan_Dershowitz
Alan_Dershowitz_0003.jpg,Alan_Dershowitz
Alan_Dershowitz_0004.jpg,Alan_Dershowitz
Alan_Mulally_0001.jpg,Alan_Mulally
Alan_Mulally_0002.jpg,Alan_Mulally
Alberto_Gonzales_0001.jpg,Alberto_Gonzales
Alberto_Gonzales_0002.jpg,Alberto_Gonzales
Alberto_Gonzales_0003.jpg,Alberto_Gonzales
Albert_Montanes_0001.jpg,Albert_Montanes
Albert_Montanes_0002.jpg,Albert_Montanes
Albert_Montanes_0003.jpg,Albert_Montanes
Albert_Montanes_0004.jpg,Albert_Montanes
Alex_Corretja_0001.jpg,Alex_Corretja
Alex_Corretja_0002.jpg,Alex_Corretja
Alex_Corretja_0003.jpg,Alex_Corretja
Alex_Gonzalez_0001.jpg,Alex_Gonzalez
Alex_Gonzalez_0002.jpg,Alex_Gonzalez
Alex_Zanardi_0001.jpg,Alex_Zanardi
Alex_Zanardi_0002.jpg,Alex_Zanardi
Alex_Zanardi_0003.jpg,Alex_Zanardi
Alex_Zanardi_0004.jpg,Alex_Zanardi
Alfredo_di_Stefano_0001.jpg,Alfredo_di_Stefano
Alfredo_di_Stefano_0002.jpg,Alfredo_di_Stefano
Alfredo_di_Stefano_0003.jpg,Alfredo_di_Stefano
Alfredo_Moreno_0001.jpg,Alfredo_Moreno
Alfredo_Moreno_0002.jpg,Alfredo_Moreno
Alfredo_Moreno_0003.jpg,Alfredo_Moreno
Alfred_Sant_0001.jpg,Alfred_Sant
Alfred_Sant_0002.jpg,Alfred_Sant
Alfred_Sant_0003.jpg,Alfred_Sant
Alice_Fisher_0001.jpg,Alice_Fisher
Alice_Fisher_0002.jpg,Alice_Fisher
Alicia_Witt_0001.jpg,Alicia_Witt
Alicia_Witt_0002.jpg,Alicia_Witt
Alicia_Witt_0003.jpg,Alicia_Witt
Alicia_Witt_0004.jpg,Alicia_Witt
Ali_Abdullah_Saleh_0001.jpg,Ali_Abdullah_Saleh
Ali_Abdullah_Saleh_0002.jpg,Ali_Abdullah_Saleh
Ali_Abdullah_Saleh_0003.jpg,Ali_Abdullah_Saleh
Ali_Abdullah_Saleh_0004.jpg,Ali_Abdullah_Saleh
Ali_Ahmeti_0001.jpg,Ali_Ahmeti
Ali_Ahmeti_0002.jpg,Ali_Ahmeti
Ali_Naimi_0001.jpg,Ali_Naimi
Ali_Naimi_0002.jpg,Ali_Naimi
Allen_Iverson_0001.jpg,Allen_Iverson
Allen_Iverson_0002.jpg,Allen_Iverson
Allen_Iverson_0003.jpg,Allen_Iverson
Allison_Janney_0001.jpg,Allison_Janney
Allison_Janney_0002.jpg,Allison_Janney
Allison_Janney_0003.jpg,Allison_Janney
Allison_Janney_0004.jpg,Allison_Janney
Alma_Powell_0001.jpg,Alma_Powell
Alma_Powell_0002.jpg,Alma_Powell
Alvaro_Silva_Calderon_0001.jpg,Alvaro_Silva_Calderon
Alvaro_Silva_Calderon_0002.jpg,Alvaro_Silva_Calderon
Al_Davis_0001.jpg,Al_Davis
Al_Davis_0002.jpg,Al_Davis
Al_Davis_0003.jpg,Al_Davis
Al_Davis_0004.jpg,Al_Davis
Al_Gore_0001.jpg,Al_Gore
Al_Gore_0002.jpg,Al_Gore
Al_Gore_0003.jpg,Al_Gore
Al_Gore_0004.jpg,Al_Gore
Amanda_Marsh_0001.jpg,Amanda_Marsh
Amanda_Marsh_0002.jpg,Amanda_Marsh
Amy_Brenneman_0001.jpg,Amy_Brenneman
Amy_Brenneman_0002.jpg,Amy_Brenneman
Amy_Cotton_0001.jpg,Amy_Cotton
Amy_Cotton_0002.jpg,Amy_Cotton
Amy_Redford_0001.jpg,Amy_Redford
Amy_Redford_0002.jpg,Amy_Redford
Ana_Claudia_Talancon_0001.jpg,Ana_Claudia_Talancon
Ana_Claudia_Talancon_0002.jpg,Ana_Claudia_Talancon
Andrew_Cuomo_0001.jpg,Andrew_Cuomo
Andrew_Cuomo_0002.jpg,Andrew_Cuomo
Andrew_Cuomo_0003.jpg,Andrew_Cuomo
Andrew_Weissmann_0001.jpg,Andrew_Weissmann
Andrew_Weissmann_0002.jpg,Andrew_Weissmann
Andre_Agassi_0001.jpg,Andre_Agassi
Andre_Agassi_0002.jpg,Andre_Agassi
Andre_Agassi_0003.jpg,Andre_Agassi
Andre_Agassi_0004.jpg,Andre_Agassi
Andy_Benes_0001.jpg,Andy_Benes
Andy_Benes_0002.jpg,Andy_Benes
Andy_Benes_0003.jpg,Andy_Benes
Andy_Benes_0004.jpg,Andy_Benes
Andy_Madikians_0001.jpg,Andy_Madikians
Andy_Madikians_0002.jpg,Andy_Madikians
Angelo_Reyes_0001.jpg,Angelo_Reyes
Angelo_Reyes_0002.jpg,Angelo_Reyes
Anna_Chicherova_0001.jpg,Anna_Chicherova
Anna_Chicherova_0002.jpg,Anna_Chicherova
Anna_Kournikova_0001.jpg,Anna_Kournikova
Anna_Kournikova_0002.jpg,Anna_Kournikova
Anne_ONeil_0001.jpg,Anne_ONeil
Anne_ONeil_0002.jpg,Anne_ONeil
Anthony_Fauci_0001.jpg,Anthony_Fauci
Anthony_Fauci_0002.jpg,Anthony_Fauci
Anthony_Fauci_0003.jpg,Anthony_Fauci
Antje_Buschschulte_0001.jpg,Antje_Buschschulte
Antje_Buschschulte_0002.jpg,Antje_Buschschulte
Antje_Buschschulte_0003.jpg,Antje_Buschschulte
Antje_Buschschulte_0004.jpg,Antje_Buschschulte
Antonio_Catania_0001.jpg,Antonio_Catania
Antonio_Catania_0002.jpg,Antonio_Catania
Antonio_Elias_Saca_0001.jpg,Antonio_Elias_Saca
Antonio_Elias_Saca_0002.jpg,Antonio_Elias_Saca
Antonio_Elias_Saca_0003.jpg,Antonio_Elias_Saca
Ariel_Sharon_0001.jpg,Ariel_Sharon
Ariel_Sharon_0002.jpg,Ariel_Sharon
Ariel_Sharon_0003.jpg,Ariel_Sharon
Ariel_Sharon_0004.jpg,Ariel_Sharon
Ari_Bousbib_0001.jpg,Ari_Bousbib
Ari_Bousbib_0002.jpg,Ari_Bousbib
Arminio_Fraga_0001.jpg,Arminio_Fraga
Arminio_Fraga_0002.jpg,Arminio_Fraga
Arminio_Fraga_0003.jpg,Arminio_Fraga
Arminio_Fraga_0004.jpg,Arminio_Fraga
Arnaud_Clement_0001.jpg,Arnaud_Clement
Arnaud_Clement_0002.jpg,Arnaud_Clement
Arnaud_Clement_0003.jpg,Arnaud_Clement
Arnaud_Clement_0004.jpg,Arnaud_Clement
Arnie_Boehm_0001.jpg,Arnie_Boehm
Arnie_Boehm_0002.jpg,Arnie_Boehm
Arnold_Palmer_0001.jpg,Arnold_Palmer
Arnold_Palmer_0002.jpg,Arnold_Palmer
Arnold_Palmer_0003.jpg,Arnold_Palmer
Arnold_Palmer_0004.jpg,Arnold_Palmer
Ashlea_Talbot_0001.jpg,Ashlea_Talbot
Ashlea_Talbot_0002.jpg,Ashlea_Talbot
Ashlea_Talbot_0003.jpg,Ashlea_Talbot
Ashlea_Talbot_0004.jpg,Ashlea_Talbot
Ashley_Judd_0001.jpg,Ashley_Judd
Ashley_Judd_0002.jpg,Ashley_Judd
Atom_Egoyan_0001.jpg,Atom_Egoyan
Atom_Egoyan_0002.jpg,Atom_Egoyan
Atom_Egoyan_0003.jpg,Atom_Egoyan
Augustin_Calleri_0001.jpg,Augustin_Calleri
Augustin_Calleri_0002.jpg,Augustin_Calleri
Augustin_Calleri_0003.jpg,Augustin_Calleri
Augustin_Calleri_0004.jpg,Augustin_Calleri
Barbara_Bach_0001.jpg,Barbara_Bach
Barbara_Bach_0002.jpg,Barbara_Bach
Barbara_Bach_0003.jpg,Barbara_Bach
Barbara_Boxer_0001.jpg,Barbara_Boxer
Barbara_Boxer_0002.jpg,Barbara_Boxer
Barbara_Boxer_0003.jpg,Barbara_Boxer
Barbara_Boxer_0004.jpg,Barbara_Boxer
Barbara_Walters_0001.jpg,Barbara_Walters
Barbara_Walters_0002.jpg,Barbara_Walters
Barbara_Walters_0003.jpg,Barbara_Walters
Barry_Bonds_0001.jpg,Barry_Bonds
Barry_Bonds_0002.jpg,Barry_Bonds
Barry_Bonds_0003.jpg,Barry_Bonds
Barry_Bonds_0004.jpg,Barry_Bonds
Barry_Diller_0001.jpg,Barry_Diller
Barry_Diller_0002.jpg,Barry_Diller
Bart_Freundlich_0001.jpg,Bart_Freundlich
Bart_Freundlich_0002.jpg,Bart_Freundlich
Bart_Freundlich_0003.jpg,Bart_Freundlich
Bart_Freundlich_0004.jpg,Bart_Freundlich
Beatrice_Dalle_0001.jpg,Beatrice_Dalle
Beatrice_Dalle_0002.jpg,Beatrice_Dalle
Beatrice_Dalle_0003.jpg,Beatrice_Dalle
Beatriz_Merino_0001.jpg,Beatriz_Merino
Beatriz_Merino_0002.jpg,Beatriz_Merino
Beatriz_Merino_0003.jpg,Beatriz_Merino
Beatriz_Merino_0004.jpg,Beatriz_Merino
Benazir_Bhutto_0001.jpg,Benazir_Bhutto
Benazir_Bhutto_0002.jpg,Benazir_Bhutto
Benito_Santiago_0001.jpg,Benito_Santiago
Benito_Santiago_0002.jpg,Benito_Santiago
Benito_Santiago_0003.jpg,Benito_Santiago
Benito_Santiago_0004.jpg,Benito_Santiago
Benjamin_Franklin_0001.jpg,Benjamin_Franklin
Benjamin_Franklin_0002.jpg,Benjamin_Franklin
Ben_Lee_0001.jpg,Ben_Lee
Ben_Lee_0002.jpg,Ben_Lee
Ben_Stein_0001.jpg,Ben_Stein
Ben_Stein_0002.jpg,Ben_Stein
Ben_Stein_0003.jpg,Ben_Stein
Ben_Stein_0004.jpg,Ben_Stein
Ben_Wallace_0001.jpg,Ben_Wallace
Ben_Wallace_0002.jpg,Ben_Wallace
Ben_Wallace_0003.jpg,Ben_Wallace
Bernadette_Peters_0001.jpg,Bernadette_Peters
Bernadette_Peters_0002.jpg,Bernadette_Peters
Bernadette_Peters_0003.jpg,Bernadette_Peters
Bernard_Ebbers_0001.jpg,Bernard_Ebbers
Bernard_Ebbers_0002.jpg,Bernard_Ebbers
Bertie_Ahern_0001.jpg,Bertie_Ahern
Bertie_Ahern_0002.jpg,Bertie_Ahern
Bertie_Ahern_0003.jpg,Bertie_Ahern
Bertrand_Delanoe_0001.jpg,Bertrand_Delanoe
Bertrand_Delanoe_0002.jpg,Bertrand_Delanoe
Bertrand_Delanoe_0003.jpg,Bertrand_Delanoe
Bertrand_Delanoe_0004.jpg,Bertrand_Delanoe
Bijan_Darvish_0001.jpg,Bijan_Darvish
Bijan_Darvish_0002.jpg,Bijan_Darvish
Billy_Bob_Thornton_0001.jpg,Billy_Bob_Thornton
Billy_Bob_Thornton_0002.jpg,Billy_Bob_Thornton
Billy_Crystal_0001.jpg,Billy_Crystal
Billy_Crystal_0002.jpg,Billy_Crystal
Billy_Crystal_0003.jpg,Billy_Crystal
Billy_Crystal_0004.jpg,Billy_Crystal
Billy_Graham_0001.jpg,Billy_Graham
Billy_Graham_0002.jpg,Billy_Graham
Bill_Carmody_0001.jpg,Bill_Carmody
Bill_Carmody_0002.jpg,Bill_Carmody
Bill_Fennelly_0001.jpg,Bill_Fennelly
Bill_Fennelly_0002.jpg,Bill_Fennelly
Bill_Fennelly_0003.jpg,Bill_Fennelly
Bill_Fennelly_0004.jpg,Bill_Fennelly
Bill_Herrion_0001.jpg,Bill_Herrion
Bill_Herrion_0002.jpg,Bill_Herrion
Bill_Richardson_0001.jpg,Bill_Richardson
Bill_Richardson_0002.jpg,Bill_Richardson
Bill_Richardson_0003.jpg,Bill_Richardson
Bill_Richardson_0004.jpg,Bill_Richardson
Binyamin_Ben-Eliezer_0001.jpg,Binyamin_Ben-Eliezer
Binyamin_Ben-Eliezer_0002.jpg,Binyamin_Ben-Eliezer
Blas_Ople_0001.jpg,Blas_Ople
Blas_Ople_0002.jpg,Blas_Ople
Blythe_Danner_0001.jpg,Blythe_Danner
Blythe_Danner_0002.jpg,Blythe_Danner
Blythe_Danner_0003.jpg,Blythe_Danner
Blythe_Danner_0004.jpg,Blythe_Danner
Bobby_Jackson_0001.jpg,Bobby_Jackson
Bobby_Jackson_0002.jpg,Bobby_Jackson
Bobby_Jackson_0003.jpg,Bobby_Jackson
Bobby_Jackson_0004.jpg,Bobby_Jackson
Bobby_Robson_0001.jpg,Bobby_Robson
Bobby_Robson_0002.jpg,Bobby_Robson
Bobby_Robson_0003.jpg,Bobby_Robson
Bob_Graham_0001.jpg,Bob_Graham
Bob_Graham_0002.jpg,Bob_Graham
Bob_Hope_0001.jpg,Bob_Hope
Bob_Hope_0002.jpg,Bob_Hope
Bob_Hope_0003.jpg,Bob_Hope
Bob_Hope_0004.jpg,Bob_Hope
Bob_Sulkin_0001.jpg,Bob_Sulkin
Bob_Sulkin_0002.jpg,Bob_Sulkin
Bob_Sulkin_0003.jpg,Bob_Sulkin
Boris_Jordan_0001.jpg,Boris_Jordan
Boris_Jordan_0002.jpg,Boris_Jordan
Boris_Jordan_0003.jpg,Boris_Jordan
Brad_Pitt_0001.jpg,Brad_Pitt
Brad_Pitt_0002.jpg,Brad_Pitt
Brad_Pitt_0003.jpg,Brad_Pitt
Brad_Pitt_0004.jpg,Brad_Pitt
Brandon_Hammond_0001.jpg,Brandon_Hammond
Brandon_Hammond_0002.jpg,Brandon_Hammond
Brandon_Hammond_0003.jpg,Brandon_Hammond
Brandon_Inge_0001.jpg,Brandon_Inge
Brandon_Inge_0002.jpg,Brandon_Inge
Brandon_Larson_0001.jpg,Brandon_Larson
Brandon_Larson_0002.jpg,Brandon_Larson
Brandon_Webb_0001.jpg,Brandon_Webb
Brandon_Webb_0002.jpg,Brandon_Webb
Brendan_Gaughan_0001.jpg,Brendan_Gaughan
Brendan_Gaughan_0002.jpg,Brendan_Gaughan
Brendan_Hansen_0001.jpg,Brendan_Hansen
Brendan_Hansen_0002.jpg,Brendan_Hansen
Brendan_Hansen_0003.jpg,Brendan_Hansen
Brendan_Hansen_0004.jpg,Brendan_Hansen
Brent_Coles_0001.jpg,Brent_Coles
Brent_Coles_0002.jpg,Brent_Coles
Brett_Boone_0001.jpg,Brett_Boone
Brett_Boone_0002.jpg,Brett_Boone
Brian_Cowen_0001.jpg,Brian_Cowen
Brian_Cowen_0002.jpg,Brian_Cowen
Brian_Cowen_0003.jpg,Brian_Cowen
Brian_Cowen_0004.jpg,Brian_Cowen
Brian_Henson_0001.jpg,Brian_Henson
Brian_Henson_0002.jpg,Brian_Henson
Brian_Scalabrine_0001.jpg,Brian_Scalabrine
Brian_Scalabrine_0002.jpg,Brian_Scalabrine
Bridgette_Wilson-Sampras_0001.jpg,Bridgette_Wilson-Sampras
Bridgette_Wilson-Sampras_0002.jpg,Bridgette_Wilson-Sampras
Bridgette_Wilson-Sampras_0003.jpg,Bridgette_Wilson-Sampras
Bridgette_Wilson-Sampras_0004.jpg,Bridgette_Wilson-Sampras
Brigitte_Boisselier_0001.jpg,Brigitte_Boisselier
Brigitte_Boisselier_0002.jpg,Brigitte_Boisselier
Brooke_Shields_0001.jpg,Brooke_Shields
Brooke_Shields_0002.jpg,Brooke_Shields
Brooke_Shields_0003.jpg,Brooke_Shields
Brooke_Shields_0004.jpg,Brooke_Shields
Brook_Robinson_0001.jpg,Brook_Robinson
Brook_Robinson_0002.jpg,Brook_Robinson
Bruce_Gebhardt_0001.jpg,Bruce_Gebhardt
Bruce_Gebhardt_0002.jpg,Bruce_Gebhardt
Bruna_Colosio_0001.jpg,Bruna_Colosio
Bruna_Colosio_0002.jpg,Bruna_Colosio
Bryan_Adams_0001.jpg,Bryan_Adams
Bryan_Adams_0002.jpg,Bryan_Adams
Bryan_Adams_0003.jpg,Bryan_Adams
Bryan_Adams_0004.jpg,Bryan_Adams
Bryce_Carmine_0001.jpg,Bryce_Carmine
Bryce_Carmine_0002.jpg,Bryce_Carmine
Bryce_Carmine_0003.jpg,Bryce_Carmine
Bulent_Ecevit_0001.jpg,Bulent_Ecevit
Bulent_Ecevit_0002.jpg,Bulent_Ecevit
Bulent_Ecevit_0003.jpg,Bulent_Ecevit
Calbert_Cheaney_0001.jpg,Calbert_Cheaney
Calbert_Cheaney_0002.jpg,Calbert_Cheaney
Calista_Flockhart_0001.jpg,Calista_Flockhart
Calista_Flockhart_0002.jpg,Calista_Flockhart
Calvin_Harrison_0001.jpg,Calvin_Harrison
Calvin_Harrison_0002.jpg,Calvin_Harrison
Cameron_Diaz_0001.jpg,Cameron_Diaz
Cameron_Diaz_0002.jpg,Cameron_Diaz
Cameron_Diaz_0003.jpg,Cameron_Diaz
Cameron_Diaz_0004.jpg,Cameron_Diaz
Candice_Bergen_0001.jpg,Candice_Bergen
Candice_Bergen_0002.jpg,Candice_Bergen
Candice_Bergen_0003.jpg,Candice_Bergen
Candice_Bergen_0004.jpg,Candice_Bergen
Carla_Del_Ponte_0001.jpg,Carla_Del_Ponte
Carla_Del_Ponte_0002.jpg,Carla_Del_Ponte
Carla_Gugino_0001.jpg,Carla_Gugino
Carla_Gugino_0002.jpg,Carla_Gugino
Carla_Gugino_0003.jpg,Carla_Gugino
Carla_Gugino_0004.jpg,Carla_Gugino
Carlos_Alberto_Parreira_0001.jpg,Carlos_Alberto_Parreira
Carlos_Alberto_Parreira_0002.jpg,Carlos_Alberto_Parreira
Carlos_Alberto_Parreira_0003.jpg,Carlos_Alberto_Parreira
Carlos_Alberto_Parreira_0004.jpg,Carlos_Alberto_Parreira
Carlos_Iturgaitz_0001.jpg,Carlos_Iturgaitz
Carlos_Iturgaitz_0002.jpg,Carlos_Iturgaitz
Carlos_Iturgaitz_0003.jpg,Carlos_Iturgaitz
Carlos_Moya_0001.jpg,Carlos_Moya
Carlos_Moya_0002.jpg,Carlos_Moya
Carolyn_Dawn_Johnson_0001.jpg,Carolyn_Dawn_Johnson
Carolyn_Dawn_Johnson_0002.jpg,Carolyn_Dawn_Johnson
Carolyn_Dawn_Johnson_0003.jpg,Carolyn_Dawn_Johnson
Carolyn_Dawn_Johnson_0004.jpg,Carolyn_Dawn_Johnson
Carolyn_Kuhl_0001.jpg,Carolyn_Kuhl
Carolyn_Kuhl_0002.jpg,Carolyn_Kuhl
Carol_Burnett_0001.jpg,Carol_Burnett
Carol_Burnett_0002.jpg,Carol_Burnett
Carol_Burnett_0003.jpg,Carol_Burnett
Carol_Burnett_0004.jpg,Carol_Burnett
Casey_Mears_0001.jpg,Casey_Mears
Casey_Mears_0002.jpg,Casey_Mears
Casey_Mears_0003.jpg,Casey_Mears
Casey_Mears_0004.jpg,Casey_Mears
Cecile_de_France_0001.jpg,Cecile_de_France
Cecile_de_France_0002.jpg,Cecile_de_France
Celso_Lafer_0001.jpg,Celso_Lafer
Celso_Lafer_0002.jpg,Celso_Lafer
Cesar_Maia_0001.jpg,Cesar_Maia
Cesar_Maia_0002.jpg,Cesar_Maia
Chakib_Khelil_0001.jpg,Chakib_Khelil
Chakib_Khelil_0002.jpg,Chakib_Khelil
Charlene_Barshefsky_0001.jpg,Charlene_Barshefsky
Charlene_Barshefsky_0002.jpg,Charlene_Barshefsky
Charlene_Barshefsky_0003.jpg,Charlene_Barshefsky
Charles_Bronson_0001.jpg,Charles_Bronson
Charles_Bronson_0002.jpg,Charles_Bronson
Charles_Taylor_0001.jpg,Charles_Taylor
Charles_Taylor_0002.jpg,Charles_Taylor
Charlotte_Rampling_0001.jpg,Charlotte_Rampling
Charlotte_Rampling_0002.jpg,Charlotte_Rampling
Charlotte_Rampling_0003.jpg,Charlotte_Rampling
Charlotte_Rampling_0004.jpg,Charlotte_Rampling
Chelsea_Clinton_0001.jpg,Chelsea_Clinton
Chelsea_Clinton_0002.jpg,Chelsea_Clinton
Chelsea_Clinton_0003.jpg,Chelsea_Clinton
Chelsea_Clinton_0004.jpg,Chelsea_Clinton
Chen_Kaige_0001.jpg,Chen_Kaige
Chen_Kaige_0002.jpg,Chen_Kaige
Chen_Kaige_0003.jpg,Chen_Kaige
Chen_Kaige_0004.jpg,Chen_Kaige
Cheryl_Hines_0001.jpg,Cheryl_Hines
Cheryl_Hines_0002.jpg,Cheryl_Hines
Cheryl_Tiegs_0001.jpg,Cheryl_Tiegs
Cheryl_Tiegs_0002.jpg,Cheryl_Tiegs
Cheryl_Tiegs_0003.jpg,Cheryl_Tiegs
Chip_Ganassi_0001.jpg,Chip_Ganassi
Chip_Ganassi_0002.jpg,Chip_Ganassi
Chip_Ganassi_0003.jpg,Chip_Ganassi
Chip_Ganassi_0004.jpg,Chip_Ganassi
Chok_Tong_Goh_0001.jpg,Chok_Tong_Goh
Chok_Tong_Goh_0002.jpg,Chok_Tong_Goh
Chok_Tong_Goh_0003.jpg,Chok_Tong_Goh
Chok_Tong_Goh_0004.jpg,Chok_Tong_Goh
Christian_Olsson_0001.jpg,Christian_Olsson
Christian_Olsson_0002.jpg,Christian_Olsson
Christine_Ebersole_0001.jpg,Christine_Ebersole
Christine_Ebersole_0002.jpg,Christine_Ebersole
Christine_Ebersole_0003.jpg,Christine_Ebersole
Christine_Ebersole_0004.jpg,Christine_Ebersole
Christine_Gregoire_0001.jpg,Christine_Gregoire
Christine_Gregoire_0002.jpg,Christine_Gregoire
Christine_Gregoire_0003.jpg,Christine_Gregoire
Christopher_Patten_0001.jpg,Christopher_Patten
Christopher_Patten_0002.jpg,Christopher_Patten
Christopher_Patten_0003.jpg,Christopher_Patten
Christopher_Whittle_0001.jpg,Christopher_Whittle
Christopher_Whittle_0002.jpg,Christopher_Whittle
Chris_Cornell_0001.jpg,Chris_Cornell
Chris_Cornell_0002.jpg,Chris_Cornell
Chris_Dodd_0001.jpg,Chris_Dodd
Chris_Dodd_0002.jpg,Chris_Dodd
Chris_Dodd_0003.jpg,Chris_Dodd
Chris_Dodd_0004.jpg,Chris_Dodd
Chris_Simon_0001.jpg,Chris_Simon
Chris_Simon_0002.jpg,Chris_Simon
Chris_Simon_0003.jpg,Chris_Simon
Chris_Simon_0004.jpg,Chris_Simon
Chuck_Amato_0001.jpg,Chuck_Amato
Chuck_Amato_0002.jpg,Chuck_Amato
Chuck_Amato_0003.jpg,Chuck_Amato
Chuck_Yeager_0001.jpg,Chuck_Yeager
Chuck_Yeager_0002.jpg,Chuck_Yeager
Chuck_Yeager_0003.jpg,Chuck_Yeager
Chuck_Yeager_0004.jpg,Chuck_Yeager
Cindy_Crawford_0001.jpg,Cindy_Crawford
Cindy_Crawford_0002.jpg,Cindy_Crawford
Claudette_Robinson_0001.jpg,Claudette_Robinson
Claudette_Robinson_0002.jpg,Claudette_Robinson
Claudette_Robinson_0003.jpg,Claudette_Robinson
Claudette_Robinson_0004.jpg,Claudette_Robinson
Claudia_Cardinale_0001.jpg,Claudia_Cardinale
Claudia_Cardinale_0002.jpg,Claudia_Cardinale
Claudia_Cardinale_0003.jpg,Claudia_Cardinale
Claudia_Cardinale_0004.jpg,Claudia_Cardinale
Claudio_Lopez_0001.jpg,Claudio_Lopez
Claudio_Lopez_0002.jpg,Claudio_Lopez
Claudio_Lopez_0003.jpg,Claudio_Lopez
Cliff_Ellis_0001.jpg,Cliff_Ellis
Cliff_Ellis_0002.jpg,Cliff_Ellis
Coleen_Rowley_0001.jpg,Coleen_Rowley
Coleen_Rowley_0002.jpg,Coleen_Rowley
Coleen_Rowley_0003.jpg,Coleen_Rowley
Colin_Jackson_0001.jpg,Colin_Jackson
Colin_Jackson_0002.jpg,Colin_Jackson
Colin_Jackson_0003.jpg,Colin_Jackson
Colleen_Ryan_0001.jpg,Colleen_Ryan
Colleen_Ryan_0002.jpg,Colleen_Ryan
Conchita_Martinez_0001.jpg,Conchita_Martinez
Conchita_Martinez_0002.jpg,Conchita_Martinez
Conchita_Martinez_0003.jpg,Conchita_Martinez
Conchita_Martinez_0004.jpg,Conchita_Martinez
Condoleezza_Rice_0001.jpg,Condoleezza_Rice
Condoleezza_Rice_0002.jpg,Condoleezza_Rice
Condoleezza_Rice_0003.jpg,Condoleezza_Rice
Condoleezza_Rice_0004.jpg,Condoleezza_Rice
Cristiano_da_Matta_0001.jpg,Cristiano_da_Matta
Cristiano_da_Matta_0002.jpg,Cristiano_da_Matta
Cristiano_da_Matta_0003.jpg,Cristiano_da_Matta
Cuba_Gooding_Jr_0001.jpg,Cuba_Gooding_Jr
Cuba_Gooding_Jr_0002.jpg,Cuba_Gooding_Jr
Cynthia_Nixon_0001.jpg,Cynthia_Nixon
Cynthia_Nixon_0002.jpg,Cynthia_Nixon
Cynthia_Nixon_0003.jpg,Cynthia_Nixon
Cynthia_Nixon_0004.jpg,Cynthia_Nixon
Cynthia_Rowley_0001.jpg,Cynthia_Rowley
Cynthia_Rowley_0002.jpg,Cynthia_Rowley
Cynthia_Rowley_0003.jpg,Cynthia_Rowley
Dalai_Lama_0001.jpg,Dalai_Lama
Dalai_Lama_0002.jpg,Dalai_Lama
Dalai_Lama_0003.jpg,Dalai_Lama
Dalai_Lama_0004.jpg,Dalai_Lama
Damon_Stoudamire_0001.jpg,Damon_Stoudamire
Damon_Stoudamire_0002.jpg,Damon_Stoudamire
Damon_Stoudamire_0003.jpg,Damon_Stoudamire
Damon_Stoudamire_0004.jpg,Damon_Stoudamire
Dana_Vollmer_0001.jpg,Dana_Vollmer
Dana_Vollmer_0002.jpg,Dana_Vollmer
Daniele_Hypolito_0001.jpg,Daniele_Hypolito
Daniele_Hypolito_0002.jpg,Daniele_Hypolito
Daniel_Kurtzer_0001.jpg,Daniel_Kurtzer
Daniel_Kurtzer_0002.jpg,Daniel_Kurtzer
Daniel_Kurtzer_0003.jpg,Daniel_Kurtzer
Daniel_Kurtzer_0004.jpg,Daniel_Kurtzer
Danny_Ainge_0001.jpg,Danny_Ainge
Danny_Ainge_0002.jpg,Danny_Ainge
Danny_Ainge_0003.jpg,Danny_Ainge
Danny_Ainge_0004.jpg,Danny_Ainge
Danny_Green_0001.jpg,Danny_Green
Danny_Green_0002.jpg,Danny_Green
Danny_Green_0003.jpg,Danny_Green
Danny_Green_0004.jpg,Danny_Green
Dany_Heatley_0001.jpg,Dany_Heatley
Dany_Heatley_0002.jpg,Dany_Heatley
Dan_Bartlett_0001.jpg,Dan_Bartlett
Dan_Bartlett_0002.jpg,Dan_Bartlett
Dan_Bartlett_0003.jpg,Dan_Bartlett
Dan_Guerrero_0001.jpg,Dan_Guerrero
Dan_Guerrero_0002.jpg,Dan_Guerrero
Dan_Kellner_0001.jpg,Dan_Kellner
Dan_Kellner_0002.jpg,Dan_Kellner
Dan_Monson_0001.jpg,Dan_Monson
Dan_Monson_0002.jpg,Dan_Monson
Dan_Monson_0003.jpg,Dan_Monson
Dan_Monson_0004.jpg,Dan_Monson
Dariusz_Michalczewski_0001.jpg,Dariusz_Michalczewski
Dariusz_Michalczewski_0002.jpg,Dariusz_Michalczewski
Darrell_Issa_0001.jpg,Darrell_Issa
Darrell_Issa_0002.jpg,Darrell_Issa
Darrell_Issa_0003.jpg,Darrell_Issa
Darrell_Issa_0004.jpg,Darrell_Issa
Daryl_Hannah_0001.jpg,Daryl_Hannah
Daryl_Hannah_0002.jpg,Daryl_Hannah
Daryl_Hannah_0003.jpg,Daryl_Hannah
Daryl_Hannah_0004.jpg,Daryl_Hannah
Daryl_Jones_0001.jpg,Daryl_Jones
Daryl_Jones_0002.jpg,Daryl_Jones
Daryl_Jones_0003.jpg,Daryl_Jones
Dave_Wannstedt_0001.jpg,Dave_Wannstedt
Dave_Wannstedt_0002.jpg,Dave_Wannstedt
Dave_Wannstedt_0003.jpg,Dave_Wannstedt
Dave_Wannstedt_0004.jpg,Dave_Wannstedt
David_Blaine_0001.jpg,David_Blaine
David_Blaine_0002.jpg,David_Blaine
David_Blaine_0003.jpg,David_Blaine
David_Blaine_0004.jpg,David_Blaine
David_Heymann_0001.jpg,David_Heymann
David_Heymann_0002.jpg,David_Heymann
David_Ho_0001.jpg,David_Ho
David_Ho_0002.jpg,David_Ho
David_Kelley_0001.jpg,David_Kelley
David_Kelley_0002.jpg,David_Kelley
David_Nalbandian_0001.jpg,David_Nalbandian
David_Nalbandian_0002.jpg,David_Nalbandian
David_Nalbandian_0003.jpg,David_Nalbandian
David_Scott_Morris_0001.jpg,David_Scott_Morris
David_Scott_Morris_0002.jpg,David_Scott_Morris
David_Spade_0001.jpg,David_Spade
David_Spade_0002.jpg,David_Spade
David_Spade_0003.jpg,David_Spade
David_Spade_0004.jpg,David_Spade
David_Stern_0001.jpg,David_Stern
David_Stern_0002.jpg,David_Stern
David_Zeplowitz_0001.jpg,David_Zeplowitz
David_Zeplowitz_0002.jpg,David_Zeplowitz
Demetrius_Ferraciu_0001.jpg,Demetrius_Ferraciu
Demetrius_Ferraciu_0002.jpg,Demetrius_Ferraciu
Demi_Moore_0001.jpg,Demi_Moore
Demi_Moore_0002.jpg,Demi_Moore
Demi_Moore_0003.jpg,Demi_Moore
Demi_Moore_0004.jpg,Demi_Moore
Denzel_Washington_0001.jpg,Denzel_Washington
Denzel_Washington_0002.jpg,Denzel_Washington
Denzel_Washington_0003.jpg,Denzel_Washington
Denzel_Washington_0004.jpg,Denzel_Washington
Dick_Smothers_0001.jpg,Dick_Smothers
Dick_Smothers_0002.jpg,Dick_Smothers
Dirk_Kempthorne_0001.jpg,Dirk_Kempthorne
Dirk_Kempthorne_0002.jpg,Dirk_Kempthorne
Dirk_Kempthorne_0003.jpg,Dirk_Kempthorne
Dolly_Parton_0001.jpg,Dolly_Parton
Dolly_Parton_0002.jpg,Dolly_Parton
Dominik_Hrbaty_0001.jpg,Dominik_Hrbaty
Dominik_Hrbaty_0002.jpg,Dominik_Hrbaty
Donald_Regan_0001.jpg,Donald_Regan
Donald_Regan_0002.jpg,Donald_Regan
Donald_Trump_0001.jpg,Donald_Trump
Donald_Trump_0002.jpg,Donald_Trump
Donald_Trump_0003.jpg,Donald_Trump
Donald_Trump_0004.jpg,Donald_Trump
Don_Flanagan_0001.jpg,Don_Flanagan
Don_Flanagan_0002.jpg,Don_Flanagan
Don_Siegelman_0001.jpg,Don_Siegelman
Don_Siegelman_0002.jpg,Don_Siegelman
Don_Siegelman_0003.jpg,Don_Siegelman
Don_Siegelman_0004.jpg,Don_Siegelman
Doug_Christie_0001.jpg,Doug_Christie
Doug_Christie_0002.jpg,Doug_Christie
Doug_Christie_0003.jpg,Doug_Christie
Doug_Christie_0004.jpg,Doug_Christie
Drew_Barrymore_0001.jpg,Drew_Barrymore
Drew_Barrymore_0002.jpg,Drew_Barrymore
Drew_Barrymore_0003.jpg,Drew_Barrymore
Drew_Barrymore_0004.jpg,Drew_Barrymore
Duane_Lee_Chapman_0001.jpg,Duane_Lee_Chapman
Duane_Lee_Chapman_0002.jpg,Duane_Lee_Chapman
Dunn_Lampton_0001.jpg,Dunn_Lampton
Dunn_Lampton_0002.jpg,Dunn_Lampton
Dwain_Kyles_0001.jpg,Dwain_Kyles
Dwain_Kyles_0002.jpg,Dwain_Kyles
Eddy_Merckx_0001.jpg,Eddy_Merckx
Eddy_Merckx_0002.jpg,Eddy_Merckx
Edmund_Hillary_0001.jpg,Edmund_Hillary
Edmund_Hillary_0002.jpg,Edmund_Hillary
Edmund_Hillary_0003.jpg,Edmund_Hillary
Edmund_Hillary_0004.jpg,Edmund_Hillary
Eduard_Limonov_0001.jpg,Eduard_Limonov
Eduard_Limonov_0002.jpg,Eduard_Limonov
Eduard_Limonov_0003.jpg,Eduard_Limonov
Eduard_Limonov_0004.jpg,Eduard_Limonov
Edward_Arsenault_0001.jpg,Edward_Arsenault
Edward_Arsenault_0002.jpg,Edward_Arsenault
Edward_James_Olmos_0001.jpg,Edward_James_Olmos
Edward_James_Olmos_0002.jpg,Edward_James_Olmos
Edward_Norton_0001.jpg,Edward_Norton
Edward_Norton_0002.jpg,Edward_Norton
Edward_Norton_0003.jpg,Edward_Norton
Edward_Norton_0004.jpg,Edward_Norton
Elinor_Caplan_0001.jpg,Elinor_Caplan
Elinor_Caplan_0002.jpg,Elinor_Caplan
Elinor_Caplan_0003.jpg,Elinor_Caplan
Elinor_Caplan_0004.jpg,Elinor_Caplan
Elin_Nordegren_0001.jpg,Elin_Nordegren
Elin_Nordegren_0002.jpg,Elin_Nordegren
Elizabeth_Hurley_0001.jpg,Elizabeth_Hurley
Elizabeth_Hurley_0002.jpg,Elizabeth_Hurley
Elizabeth_Hurley_0003.jpg,Elizabeth_Hurley
Elizabeth_Hurley_0004.jpg,Elizabeth_Hurley
Elizabeth_Pena_0001.jpg,Elizabeth_Pena
Elizabeth_Pena_0002.jpg,Elizabeth_Pena
Elizabeth_Pena_0003.jpg,Elizabeth_Pena
Elizabeth_Pena_0004.jpg,Elizabeth_Pena
Eliza_Manningham-Buller_0001.jpg,Eliza_Manningham-Buller
Eliza_Manningham-Buller_0002.jpg,Eliza_Manningham-Buller
Elmar_Brok_0001.jpg,Elmar_Brok
Elmar_Brok_0002.jpg,Elmar_Brok
Elmar_Brok_0003.jpg,Elmar_Brok
Elodie_Bouchez_0001.jpg,Elodie_Bouchez
Elodie_Bouchez_0002.jpg,Elodie_Bouchez
Elodie_Bouchez_0003.jpg,Elodie_Bouchez
Elodie_Bouchez_0004.jpg,Elodie_Bouchez
Emilio_Botin_0001.jpg,Emilio_Botin
Emilio_Botin_0002.jpg,Emilio_Botin
Emilio_Botin_0003.jpg,Emilio_Botin
Emily_Mortimer_0001.jpg,Emily_Mortimer
Emily_Mortimer_0002.jpg,Emily_Mortimer
Eric_Fehr_0001.jpg,Eric_Fehr
Eric_Fehr_0002.jpg,Eric_Fehr
Eric_Fehr_0003.jpg,Eric_Fehr
Eric_Lindros_0001.jpg,Eric_Lindros
Eric_Lindros_0002.jpg,Eric_Lindros
Eric_Lindros_0003.jpg,Eric_Lindros
Eric_Shinseki_0001.jpg,Eric_Shinseki
Eric_Shinseki_0002.jpg,Eric_Shinseki
Eric_Shinseki_0003.jpg,Eric_Shinseki
Erin_Hershey_Presley_0001.jpg,Erin_Hershey_Presley
Erin_Hershey_Presley_0002.jpg,Erin_Hershey_Presley
Erin_Hershey_Presley_0003.jpg,Erin_Hershey_Presley
Erin_Hershey_Presley_0004.jpg,Erin_Hershey_Presley
Ernest_Hollings_0001.jpg,Ernest_Hollings
Ernest_Hollings_0002.jpg,Ernest_Hollings
Ernest_Hollings_0003.jpg,Ernest_Hollings
Ernest_Hollings_0004.jpg,Ernest_Hollings
Ethan_Hawke_0001.jpg,Ethan_Hawke
Ethan_Hawke_0002.jpg,Ethan_Hawke
Ethan_Hawke_0003.jpg,Ethan_Hawke
Ethan_Hawke_0004.jpg,Ethan_Hawke
Eugene_Melnyk_0001.jpg,Eugene_Melnyk
Eugene_Melnyk_0002.jpg,Eugene_Melnyk
Eugene_Melnyk_0003.jpg,Eugene_Melnyk
Eugene_Melnyk_0004.jpg,Eugene_Melnyk
Eva_Marie_Saint_0001.jpg,Eva_Marie_Saint
Eva_Marie_Saint_0002.jpg,Eva_Marie_Saint
Eva_Marie_Saint_0003.jpg,Eva_Marie_Saint
Eva_Marie_Saint_0004.jpg,Eva_Marie_Saint
Evelyn_Lauder_0001.jpg,Evelyn_Lauder
Evelyn_Lauder_0002.jpg,Evelyn_Lauder
Evelyn_Lauder_0003.jpg,Evelyn_Lauder
Evelyn_Lauder_0004.jpg,Evelyn_Lauder
Eve_Ensler_0001.jpg,Eve_Ensler
Eve_Ensler_0002.jpg,Eve_Ensler
Eve_Ensler_0003.jpg,Eve_Ensler
Evgeni_Plushenko_0001.jpg,Evgeni_Plushenko
Evgeni_Plushenko_0002.jpg,Evgeni_Plushenko
Evgeni_Plushenko_0003.jpg,Evgeni_Plushenko
Evgeni_Plushenko_0004.jpg,Evgeni_Plushenko
Fabiola_Zuluaga_0001.jpg,Fabiola_Zuluaga
Fabiola_Zuluaga_0002.jpg,Fabiola_Zuluaga
Faisal_Iqbal_0001.jpg,Faisal_Iqbal
Faisal_Iqbal_0002.jpg,Faisal_Iqbal
Fann_Wong_0001.jpg,Fann_Wong
Fann_Wong_0002.jpg,Fann_Wong
Felicity_Huffman_0001.jpg,Felicity_Huffman
Felicity_Huffman_0002.jpg,Felicity_Huffman
Fernando_Gonzalez_0001.jpg,Fernando_Gonzalez
Fernando_Gonzalez_0002.jpg,Fernando_Gonzalez
Fernando_Gonzalez_0003.jpg,Fernando_Gonzalez
Fernando_Gonzalez_0004.jpg,Fernando_Gonzalez
Fidel_Castro_Daiz-Balart_0001.jpg,Fidel_Castro_Daiz-Balart
Fidel_Castro_Daiz-Balart_0002.jpg,Fidel_Castro_Daiz-Balart
Francis_Ford_Coppola_0001.jpg,Francis_Ford_Coppola
Francis_Ford_Coppola_0002.jpg,Francis_Ford_Coppola
Francis_Ford_Coppola_0003.jpg,Francis_Ford_Coppola
Francis_Ford_Coppola_0004.jpg,Francis_Ford_Coppola
Francis_Ricciardone_0001.jpg,Francis_Ricciardone
Francis_Ricciardone_0002.jpg,Francis_Ricciardone
Francis_Ricciardone_0003.jpg,Francis_Ricciardone
Francois_Ozon_0001.jpg,Francois_Ozon
Francois_Ozon_0002.jpg,Francois_Ozon
Francois_Ozon_0003.jpg,Francois_Ozon
Franco_Dragone_0001.jpg,Franco_Dragone
Franco_Dragone_0002.jpg,Franco_Dragone
Frank_Abagnale_Jr_0001.jpg,Frank_Abagnale_Jr
Frank_Abagnale_Jr_0002.jpg,Frank_Abagnale_Jr
Frank_Abagnale_Jr_0003.jpg,Frank_Abagnale_Jr
Frank_Hilldrup_0001.jpg,Frank_Hilldrup
Frank_Hilldrup_0002.jpg,Frank_Hilldrup
Frank_Lautenberg_0001.jpg,Frank_Lautenberg
Frank_Lautenberg_0002.jpg,Frank_Lautenberg
Frank_Lautenberg_0003.jpg,Frank_Lautenberg
Frank_Lautenberg_0004.jpg,Frank_Lautenberg
Fred_Durst_0001.jpg,Fred_Durst
Fred_Durst_0002.jpg,Fred_Durst
Fred_Durst_0003.jpg,Fred_Durst
Fujio_Mitarai_0001.jpg,Fujio_Mitarai
Fujio_Mitarai_0002.jpg,Fujio_Mitarai
Fujio_Mitarai_0003.jpg,Fujio_Mitarai
Gabi_Zimmer_0001.jpg,Gabi_Zimmer
Gabi_Zimmer_0002.jpg,Gabi_Zimmer
Gabriel_Valdes_0001.jpg,Gabriel_Valdes
Gabriel_Valdes_0002.jpg,Gabriel_Valdes
Gabriel_Valdes_0003.jpg,Gabriel_Valdes
Gabriel_Valdes_0004.jpg,Gabriel_Valdes
Gala_Leon_Garcia_0001.jpg,Gala_Leon_Garcia
Gala_Leon_Garcia_0002.jpg,Gala_Leon_Garcia
Gao_Qiang_0001.jpg,Gao_Qiang
Gao_Qiang_0002.jpg,Gao_Qiang
Garry_Witherall_0001.jpg,Garry_Witherall
Garry_Witherall_0002.jpg,Garry_Witherall
Gary_Leon_Ridgway_0001.jpg,Gary_Leon_Ridgway
Gary_Leon_Ridgway_0002.jpg,Gary_Leon_Ridgway
Gary_Leon_Ridgway_0003.jpg,Gary_Leon_Ridgway
Gaston_Gaudio_0001.jpg,Gaston_Gaudio
Gaston_Gaudio_0002.jpg,Gaston_Gaudio
Gavyn_Davies_0001.jpg,Gavyn_Davies
Gavyn_Davies_0002.jpg,Gavyn_Davies
Gene_Hackman_0001.jpg,Gene_Hackman
Gene_Hackman_0002.jpg,Gene_Hackman
Gene_Hackman_0003.jpg,Gene_Hackman
Gene_Hackman_0004.jpg,Gene_Hackman
George_Clooney_0001.jpg,George_Clooney
George_Clooney_0002.jpg,George_Clooney
George_Clooney_0003.jpg,George_Clooney
George_Clooney_0004.jpg,George_Clooney
George_Lucas_0001.jpg,George_Lucas
George_Lucas_0002.jpg,George_Lucas
George_Lucas_0003.jpg,George_Lucas
George_Lucas_0004.jpg,George_Lucas
George_Robertson_0001.jpg,George_Robertson
George_Robertson_0002.jpg,George_Robertson
George_Tenet_0001.jpg,George_Tenet
George_Tenet_0002.jpg,George_Tenet
George_Tenet_0003.jpg,George_Tenet
Gerhard_Schroeder_0001.jpg,Gerhard_Schroeder
Gerhard_Schroeder_0002.jpg,Gerhard_Schroeder
Gerhard_Schroeder_0003.jpg,Gerhard_Schroeder
German_Khan_0001.jpg,German_Khan
German_Khan_0002.jpg,German_Khan
German_Khan_0003.jpg,German_Khan
German_Khan_0004.jpg,German_Khan
Ghassan_Elashi_0001.jpg,Ghassan_Elashi
Ghassan_Elashi_0002.jpg,Ghassan_Elashi
Ghassan_Elashi_0003.jpg,Ghassan_Elashi
Gholamreza_Aghazadeh_0001.jpg,Gholamreza_Aghazadeh
Gholamreza_Aghazadeh_0002.jpg,Gholamreza_Aghazadeh
Gianni_Agnelli_0001.jpg,Gianni_Agnelli
Gianni_Agnelli_0002.jpg,Gianni_Agnelli
Gianni_Agnelli_0003.jpg,Gianni_Agnelli
Gianni_Agnelli_0004.jpg,Gianni_Agnelli
Gian_Marco_0001.jpg,Gian_Marco
Gian_Marco_0002.jpg,Gian_Marco
Gil_Cates_0001.jpg,Gil_Cates
Gil_Cates_0002.jpg,Gil_Cates
Gina_Torres_0001.jpg,Gina_Torres
Gina_Torres_0002.jpg,Gina_Torres
Gina_Torres_0003.jpg,Gina_Torres
Gina_Torres_0004.jpg,Gina_Torres
Giulietta_Masina_0001.jpg,Giulietta_Masina
Giulietta_Masina_0002.jpg,Giulietta_Masina
Giulietta_Masina_0003.jpg,Giulietta_Masina
Giuseppe_Gibilisco_0001.jpg,Giuseppe_Gibilisco
Giuseppe_Gibilisco_0002.jpg,Giuseppe_Gibilisco
Giuseppe_Gibilisco_0003.jpg,Giuseppe_Gibilisco
Giuseppe_Gibilisco_0004.jpg,Giuseppe_Gibilisco
GL_Peiris_0001.jpg,GL_Peiris
GL_Peiris_0002.jpg,GL_Peiris
GL_Peiris_0003.jpg,GL_Peiris
GL_Peiris_0004.jpg,GL_Peiris
Gong_Ruina_0001.jpg,Gong_Ruina
Gong_Ruina_0002.jpg,Gong_Ruina
Gong_Ruina_0003.jpg,Gong_Ruina
Gong_Ruina_0004.jpg,Gong_Ruina
Gordana_Grubin_0001.jpg,Gordana_Grubin
Gordana_Grubin_0002.jpg,Gordana_Grubin
Gorden_Tallis_0001.jpg,Gorden_Tallis
Gorden_Tallis_0002.jpg,Gorden_Tallis
Gordon_Cooper_0001.jpg,Gordon_Cooper
Gordon_Cooper_0002.jpg,Gordon_Cooper
Gordon_Cooper_0003.jpg,Gordon_Cooper
Graciano_Rocchigiani_0001.jpg,Graciano_Rocchigiani
Graciano_Rocchigiani_0002.jpg,Graciano_Rocchigiani
Graciano_Rocchigiani_0003.jpg,Graciano_Rocchigiani
Graciano_Rocchigiani_0004.jpg,Graciano_Rocchigiani
Gray_Davis_0001.jpg,Gray_Davis
Gray_Davis_0002.jpg,Gray_Davis
Gregg_Berhalter_0001.jpg,Gregg_Berhalter
Gregg_Berhalter_0002.jpg,Gregg_Berhalter
Gregg_Popovich_0001.jpg,Gregg_Popovich
Gregg_Popovich_0002.jpg,Gregg_Popovich
Gregg_Popovich_0003.jpg,Gregg_Popovich
Gregg_Popovich_0004.jpg,Gregg_Popovich
Guillaume_Soro_0001.jpg,Guillaume_Soro
Guillaume_Soro_0002.jpg,Guillaume_Soro
Gus_Frerotte_0001.jpg,Gus_Frerotte
Gus_Frerotte_0002.jpg,Gus_Frerotte
Gus_Frerotte_0003.jpg,Gus_Frerotte
Guy_Hemmings_0001.jpg,Guy_Hemmings
Guy_Hemmings_0002.jpg,Guy_Hemmings
Guy_Hemmings_0003.jpg,Guy_Hemmings
Guy_Hemmings_0004.jpg,Guy_Hemmings
Hamad_Bin_Isa_al-Khalifa_0001.jpg,Hamad_Bin_Isa_al-Khalifa
Hamad_Bin_Isa_al-Khalifa_0002.jpg,Hamad_Bin_Isa_al-Khalifa
Hamad_Bin_Isa_al-Khalifa_0003.jpg,Hamad_Bin_Isa_al-Khalifa
Hamad_Bin_Isa_al-Khalifa_0004.jpg,Hamad_Bin_Isa_al-Khalifa
Hana_Sadiq_0001.jpg,Hana_Sadiq
Hana_Sadiq_0002.jpg,Hana_Sadiq
Hana_Urushima_0001.jpg,Hana_Urushima
Hana_Urushima_0002.jpg,Hana_Urushima
Hank_Azaria_0001.jpg,Hank_Azaria
Hank_Azaria_0002.jpg,Hank_Azaria
Harry_Belafonte_0001.jpg,Harry_Belafonte
Harry_Belafonte_0002.jpg,Harry_Belafonte
Harry_Belafonte_0003.jpg,Harry_Belafonte
Harry_Belafonte_0004.jpg,Harry_Belafonte
Hartmut_Mehdorn_0001.jpg,Hartmut_Mehdorn
Hartmut_Mehdorn_0002.jpg,Hartmut_Mehdorn
Hartmut_Mehdorn_0003.jpg,Hartmut_Mehdorn
Hartmut_Mehdorn_0004.jpg,Hartmut_Mehdorn
Hassan_Wirajuda_0001.jpg,Hassan_Wirajuda
Hassan_Wirajuda_0002.jpg,Hassan_Wirajuda
Hassan_Wirajuda_0003.jpg,Hassan_Wirajuda
Hassan_Wirajuda_0004.jpg,Hassan_Wirajuda
Heather_Whitestone_McCallum_0001.jpg,Heather_Whitestone_McCallum
Heather_Whitestone_McCallum_0002.jpg,Heather_Whitestone_McCallum
Hee-Won_Han_0001.jpg,Hee-Won_Han
Hee-Won_Han_0002.jpg,Hee-Won_Han
Heidi_Fleiss_0001.jpg,Heidi_Fleiss
Heidi_Fleiss_0002.jpg,Heidi_Fleiss
Henk_Bekedam_0001.jpg,Henk_Bekedam
Henk_Bekedam_0002.jpg,Henk_Bekedam
Henk_Bekedam_0003.jpg,Henk_Bekedam
Henk_Bekedam_0004.jpg,Henk_Bekedam
Henry_Suazo_0001.jpg,Henry_Suazo
Henry_Suazo_0002.jpg,Henry_Suazo
Herb_Brooks_0001.jpg,Herb_Brooks
Herb_Brooks_0002.jpg,Herb_Brooks
Herb_Brooks_0003.jpg,Herb_Brooks
Herb_Brooks_0004.jpg,Herb_Brooks
Herb_Sendek_0001.jpg,Herb_Sendek
Herb_Sendek_0002.jpg,Herb_Sendek
Herb_Sendek_0003.jpg,Herb_Sendek
Herb_Sendek_0004.jpg,Herb_Sendek
Hikmat_al-Azzawi_0001.jpg,Hikmat_al-Azzawi
Hikmat_al-Azzawi_0002.jpg,Hikmat_al-Azzawi
Hipolito_Mejia_0001.jpg,Hipolito_Mejia
Hipolito_Mejia_0002.jpg,Hipolito_Mejia
Hipolito_Mejia_0003.jpg,Hipolito_Mejia
Hipolito_Mejia_0004.jpg,Hipolito_Mejia
Holly_Hunter_0001.jpg,Holly_Hunter
Holly_Hunter_0002.jpg,Holly_Hunter
Holly_Hunter_0003.jpg,Holly_Hunter
Holly_Hunter_0004.jpg,Holly_Hunter
Hootie_Johnson_0001.jpg,Hootie_Johnson
Hootie_Johnson_0002.jpg,Hootie_Johnson
Hosni_Mubarak_0001.jpg,Hosni_Mubarak
Hosni_Mubarak_0002.jpg,Hosni_Mubarak
Hosni_Mubarak_0003.jpg,Hosni_Mubarak
Hosni_Mubarak_0004.jpg,Hosni_Mubarak
Hugh_Hefner_0001.jpg,Hugh_Hefner
Hugh_Hefner_0002.jpg,Hugh_Hefner
Hugh_Hefner_0003.jpg,Hugh_Hefner
Hugh_Hefner_0004.jpg,Hugh_Hefner
Hugh_Jessiman_0001.jpg,Hugh_Jessiman
Hugh_Jessiman_0002.jpg,Hugh_Jessiman
Hugh_Jessiman_0003.jpg,Hugh_Jessiman
Hugh_Jessiman_0004.jpg,Hugh_Jessiman
Hugo_Conte_0001.jpg,Hugo_Conte
Hugo_Conte_0002.jpg,Hugo_Conte
Hugo_Conte_0003.jpg,Hugo_Conte
Humberto_Coelho_0001.jpg,Humberto_Coelho
Humberto_Coelho_0002.jpg,Humberto_Coelho
Humberto_Coelho_0003.jpg,Humberto_Coelho
Humberto_Coelho_0004.jpg,Humberto_Coelho
Hu_Jintao_0001.jpg,Hu_Jintao
Hu_Jintao_0002.jpg,Hu_Jintao
Hu_Jintao_0003.jpg,Hu_Jintao
Ian_Moran_0001.jpg,Ian_Moran
Ian_Moran_0002.jpg,Ian_Moran
Ian_Moran_0003.jpg,Ian_Moran
Ian_Thorpe_0001.jpg,Ian_Thorpe
Ian_Thorpe_0002.jpg,Ian_Thorpe
Ian_Thorpe_0003.jpg,Ian_Thorpe
Ian_Thorpe_0004.jpg,Ian_Thorpe
Iban_Mayo_0001.jpg,Iban_Mayo
Iban_Mayo_0002.jpg,Iban_Mayo
Iban_Mayo_0003.jpg,Iban_Mayo
Ibrahim_Al-Marashi_0001.jpg,Ibrahim_Al-Marashi
Ibrahim_Al-Marashi_0002.jpg,Ibrahim_Al-Marashi
Ibrahim_Rugova_0001.jpg,Ibrahim_Rugova
Ibrahim_Rugova_0002.jpg,Ibrahim_Rugova
Ibrahim_Rugova_0003.jpg,Ibrahim_Rugova
Ibrahim_Rugova_0004.jpg,Ibrahim_Rugova
Idi_Amin_0001.jpg,Idi_Amin
Idi_Amin_0002.jpg,Idi_Amin
Idi_Amin_0003.jpg,Idi_Amin
Inam-ul-Haq_0001.jpg,Inam-ul-Haq
Inam-ul-Haq_0002.jpg,Inam-ul-Haq
Infanta_Cristina_0001.jpg,Infanta_Cristina
Infanta_Cristina_0002.jpg,Infanta_Cristina
Infanta_Cristina_0003.jpg,Infanta_Cristina
Infanta_Cristina_0004.jpg,Infanta_Cristina
Irv_Nathan_0001.jpg,Irv_Nathan
Irv_Nathan_0002.jpg,Irv_Nathan
Ismael_Miranda_0001.jpg,Ismael_Miranda
Ismael_Miranda_0002.jpg,Ismael_Miranda
Iveta_Benesova_0001.jpg,Iveta_Benesova
Iveta_Benesova_0002.jpg,Iveta_Benesova
Iveta_Benesova_0003.jpg,Iveta_Benesova
Iveta_Benesova_0004.jpg,Iveta_Benesova
Jackie_Chan_0001.jpg,Jackie_Chan
Jackie_Chan_0002.jpg,Jackie_Chan
Jackie_Chan_0003.jpg,Jackie_Chan
Jackie_Chan_0004.jpg,Jackie_Chan
Jacky_Cheung_0001.jpg,Jacky_Cheung
Jacky_Cheung_0002.jpg,Jacky_Cheung
Jacky_Cheung_0003.jpg,Jacky_Cheung
Jack_Valenti_0001.jpg,Jack_Valenti
Jack_Valenti_0002.jpg,Jack_Valenti
Jacques_Chirac_0001.jpg,Jacques_Chirac
Jacques_Chirac_0002.jpg,Jacques_Chirac
Jacques_Chirac_0003.jpg,Jacques_Chirac
Jacques_Chirac_0004.jpg,Jacques_Chirac
Jalal_Talabani_0001.jpg,Jalal_Talabani
Jalal_Talabani_0002.jpg,Jalal_Talabani
Jalal_Talabani_0003.jpg,Jalal_Talabani
Jalal_Talabani_0004.jpg,Jalal_Talabani
James_Dingemans_0001.jpg,James_Dingemans
James_Dingemans_0002.jpg,James_Dingemans
James_Hakett_0001.jpg,James_Hakett
James_Hakett_0002.jpg,James_Hakett
James_Hakett_0003.jpg,James_Hakett
James_Hakett_0004.jpg,James_Hakett
James_Phelps_0001.jpg,James_Phelps
James_Phelps_0002.jpg,James_Phelps
James_Phelps_0003.jpg,James_Phelps
James_Phelps_0004.jpg,James_Phelps
James_Wattana_0001.jpg,James_Wattana
James_Wattana_0002.jpg,James_Wattana
James_Wattana_0003.jpg,James_Wattana
James_Wolfensohn_0001.jpg,James_Wolfensohn
James_Wolfensohn_0002.jpg,James_Wolfensohn
Jamie_Carey_0001.jpg,Jamie_Carey
Jamie_Carey_0002.jpg,Jamie_Carey
Jan-Michael_Gambill_0001.jpg,Jan-Michael_Gambill
Jan-Michael_Gambill_0002.jpg,Jan-Michael_Gambill
Jan-Michael_Gambill_0003.jpg,Jan-Michael_Gambill
Jan-Michael_Gambill_0004.jpg,Jan-Michael_Gambill
Jaouad_Gharib_0001.jpg,Jaouad_Gharib
Jaouad_Gharib_0002.jpg,Jaouad_Gharib
Jaouad_Gharib_0003.jpg,Jaouad_Gharib
Jason_Campbell_0001.jpg,Jason_Campbell
Jason_Campbell_0002.jpg,Jason_Campbell
Jason_Campbell_0003.jpg,Jason_Campbell
Jason_Campbell_0004.jpg,Jason_Campbell
Jason_Lezak_0001.jpg,Jason_Lezak
Jason_Lezak_0002.jpg,Jason_Lezak
Jason_Lezak_0003.jpg,Jason_Lezak
Jason_Lezak_0004.jpg,Jason_Lezak
Jason_Sehorn_0001.jpg,Jason_Sehorn
Jason_Sehorn_0002.jpg,Jason_Sehorn
Jason_Sehorn_0003.jpg,Jason_Sehorn
Jason_Sehorn_0004.jpg,Jason_Sehorn
Javier_Solana_0001.jpg,Javier_Solana
Javier_Solana_0002.jpg,Javier_Solana
Javier_Solana_0003.jpg,Javier_Solana
Jean-Claude_Juncker_0001.jpg,Jean-Claude_Juncker
Jean-Claude_Juncker_0002.jpg,Jean-Claude_Juncker
Jean-Claude_Juncker_0003.jpg,Jean-Claude_Juncker
Jean-Claude_Juncker_0004.jpg,Jean-Claude_Juncker
Jean-Marc_de_La_Sabliere_0001.jpg,Jean-Marc_de_La_Sabliere
Jean-Marc_de_La_Sabliere_0002.jpg,Jean-Marc_de_La_Sabliere
Jean-Marc_de_La_Sabliere_0003.jpg,Jean-Marc_de_La_Sabliere
Jean-Marc_de_La_Sabliere_0004.jpg,Jean-Marc_de_La_Sabliere
Jean-Rene_Fourtou_0001.jpg,Jean-Rene_Fourtou
Jean-Rene_Fourtou_0002.jpg,Jean-Rene_Fourtou
Jean-Rene_Fourtou_0003.jpg,Jean-Rene_Fourtou
Jean-Rene_Fourtou_0004.jpg,Jean-Rene_Fourtou
Jean_Chretien_0001.jpg,Jean_Chretien
Jean_Chretien_0002.jpg,Jean_Chretien
Jean_Chretien_0003.jpg,Jean_Chretien
Jean_Chretien_0004.jpg,Jean_Chretien
Jeffrey_Donaldson_0001.jpg,Jeffrey_Donaldson
Jeffrey_Donaldson_0002.jpg,Jeffrey_Donaldson
Jeffrey_Donaldson_0003.jpg,Jeffrey_Donaldson
Jeffrey_Donaldson_0004.jpg,Jeffrey_Donaldson
Jeff_Hornacek_0001.jpg,Jeff_Hornacek
Jeff_Hornacek_0002.jpg,Jeff_Hornacek
Jeff_Hornacek_0003.jpg,Jeff_Hornacek
Jennifer_Gratz_0001.jpg,Jennifer_Gratz
Jennifer_Gratz_0002.jpg,Jennifer_Gratz
Jeremy_Gompertz_0001.jpg,Jeremy_Gompertz
Jeremy_Gompertz_0002.jpg,Jeremy_Gompertz
Jeremy_Greenstock_0001.jpg,Jeremy_Greenstock
Jeremy_Greenstock_0002.jpg,Jeremy_Greenstock
Jeremy_Greenstock_0003.jpg,Jeremy_Greenstock
Jeremy_Shockey_0001.jpg,Jeremy_Shockey
Jeremy_Shockey_0002.jpg,Jeremy_Shockey
Jeremy_Shockey_0003.jpg,Jeremy_Shockey
Jeremy_Wotherspoon_0001.jpg,Jeremy_Wotherspoon
Jeremy_Wotherspoon_0002.jpg,Jeremy_Wotherspoon
Jeremy_Wotherspoon_0003.jpg,Jeremy_Wotherspoon
Jerry_Falwell_0001.jpg,Jerry_Falwell
Jerry_Falwell_0002.jpg,Jerry_Falwell
Jerry_Falwell_0003.jpg,Jerry_Falwell
Jerry_Falwell_0004.jpg,Jerry_Falwell
Jerry_Lewis_0001.jpg,Jerry_Lewis
Jerry_Lewis_0002.jpg,Jerry_Lewis
Jerry_Lewis_0003.jpg,Jerry_Lewis
Jerry_Lewis_0004.jpg,Jerry_Lewis
Jerry_Tarkanian_0001.jpg,Jerry_Tarkanian
Jerry_Tarkanian_0002.jpg,Jerry_Tarkanian
Jesse_Ventura_0001.jpg,Jesse_Ventura
Jesse_Ventura_0002.jpg,Jesse_Ventura
Jesse_Ventura_0003.jpg,Jesse_Ventura
Jesse_Ventura_0004.jpg,Jesse_Ventura
Jessica_Capshaw_0001.jpg,Jessica_Capshaw
Jessica_Capshaw_0002.jpg,Jessica_Capshaw
Jessica_Capshaw_0003.jpg,Jessica_Capshaw
Jessica_Capshaw_0004.jpg,Jessica_Capshaw
Jewel_Howard-Taylor_0001.jpg,Jewel_Howard-Taylor
Jewel_Howard-Taylor_0002.jpg,Jewel_Howard-Taylor
Jewel_Howard-Taylor_0003.jpg,Jewel_Howard-Taylor
Jewel_Howard-Taylor_0004.jpg,Jewel_Howard-Taylor
Jia_Qinglin_0001.jpg,Jia_Qinglin
Jia_Qinglin_0002.jpg,Jia_Qinglin
Jimmy_Gobble_0001.jpg,Jimmy_Gobble
Jimmy_Gobble_0002.jpg,Jimmy_Gobble
Jimmy_Gobble_0003.jpg,Jimmy_Gobble
Jimmy_Smits_0001.jpg,Jimmy_Smits
Jimmy_Smits_0002.jpg,Jimmy_Smits
Jimmy_Smits_0003.jpg,Jimmy_Smits
Jimmy_Smits_0004.jpg,Jimmy_Smits
Jim_Harrick_0001.jpg,Jim_Harrick
Jim_Harrick_0002.jpg,Jim_Harrick
Jim_Harrick_0003.jpg,Jim_Harrick
Jim_Harrick_0004.jpg,Jim_Harrick
Jim_Haslett_0001.jpg,Jim_Haslett
Jim_Haslett_0002.jpg,Jim_Haslett
Jim_Haslett_0003.jpg,Jim_Haslett
Jim_Hendry_0001.jpg,Jim_Hendry
Jim_Hendry_0002.jpg,Jim_Hendry
Jim_Kelly_0001.jpg,Jim_Kelly
Jim_Kelly_0002.jpg,Jim_Kelly
Jim_Kelly_0003.jpg,Jim_Kelly
Jim_Kelly_0004.jpg,Jim_Kelly
Joan_Claybrook_0001.jpg,Joan_Claybrook
Joan_Claybrook_0002.jpg,Joan_Claybrook
Joan_Claybrook_0003.jpg,Joan_Claybrook
Joan_Laporta_0001.jpg,Joan_Laporta
Joan_Laporta_0002.jpg,Joan_Laporta
Joan_Laporta_0003.jpg,Joan_Laporta
Joan_Laporta_0004.jpg,Joan_Laporta
Joel_Gallen_0001.jpg,Joel_Gallen
Joel_Gallen_0002.jpg,Joel_Gallen
Joel_Gallen_0003.jpg,Joel_Gallen
Joel_Gallen_0004.jpg,Joel_Gallen
Joey_Buttafuoco_0001.jpg,Joey_Buttafuoco
Joey_Buttafuoco_0002.jpg,Joey_Buttafuoco
Joey_Buttafuoco_0003.jpg,Joey_Buttafuoco
Joey_Mantia_0001.jpg,Joey_Mantia
Joey_Mantia_0002.jpg,Joey_Mantia
Joey_Mantia_0003.jpg,Joey_Mantia
Joey_Mantia_0004.jpg,Joey_Mantia
Joe_DeLamielleure_0001.jpg,Joe_DeLamielleure
Joe_DeLamielleure_0002.jpg,Joe_DeLamielleure
Joe_Pantoliano_0001.jpg,Joe_Pantoliano
Joe_Pantoliano_0002.jpg,Joe_Pantoliano
Joe_Strummer_0001.jpg,Joe_Strummer
Joe_Strummer_0002.jpg,Joe_Strummer
Joe_Torre_0001.jpg,Joe_Torre
Joe_Torre_0002.jpg,Joe_Torre
John_Allen_Muhammad_0001.jpg,John_Allen_Muhammad
John_Allen_Muhammad_0002.jpg,John_Allen_Muhammad
John_Allen_Muhammad_0003.jpg,John_Allen_Muhammad
John_Fenn_0001.jpg,John_Fenn
John_Fenn_0002.jpg,John_Fenn
John_Fenn_0003.jpg,John_Fenn
John_Henry_0001.jpg,John_Henry
John_Henry_0002.jpg,John_Henry
John_Herrington_0001.jpg,John_Herrington
John_Herrington_0002.jpg,John_Herrington
John_Herrington_0003.jpg,John_Herrington
John_Lithgow_0001.jpg,John_Lithgow
John_Lithgow_0002.jpg,John_Lithgow
John_Lithgow_0003.jpg,John_Lithgow
John_Lithgow_0004.jpg,John_Lithgow
John_Madden_0001.jpg,John_Madden
John_Madden_0002.jpg,John_Madden
John_Madden_0003.jpg,John_Madden
John_McCain_0001.jpg,John_McCain
John_McCain_0002.jpg,John_McCain
John_McCain_0003.jpg,John_McCain
John_McCain_0004.jpg,John_McCain
John_Norquist_0001.jpg,John_Norquist
John_Norquist_0002.jpg,John_Norquist
John_Norquist_0003.jpg,John_Norquist
John_Philip_Elkann_0001.jpg,John_Philip_Elkann
John_Philip_Elkann_0002.jpg,John_Philip_Elkann
John_Warner_0001.jpg,John_Warner
John_Warner_0002.jpg,John_Warner
Jonathan_Mostow_0001.jpg,Jonathan_Mostow
Jonathan_Mostow_0002.jpg,Jonathan_Mostow
Jonathan_Mostow_0003.jpg,Jonathan_Mostow
Jonathan_Mostow_0004.jpg,Jonathan_Mostow
Jon_Stewart_0001.jpg,Jon_Stewart
Jon_Stewart_0002.jpg,Jon_Stewart
Jon_Stewart_0003.jpg,Jon_Stewart
Joseph_Blatter_0001.jpg,Joseph_Blatter
Joseph_Blatter_0002.jpg,Joseph_Blatter
Joseph_Blatter_0003.jpg,Joseph_Blatter
Joseph_Blatter_0004.jpg,Joseph_Blatter
Jose_Luis_Chilavert_0001.jpg,Jose_Luis_Chilavert
Jose_Luis_Chilavert_0002.jpg,Jose_Luis_Chilavert
Jose_Luis_Chilavert_0003.jpg,Jose_Luis_Chilavert
Jose_Luis_Rodriguez_Zapatero_0001.jpg,Jose_Luis_Rodriguez_Zapatero
Jose_Luis_Rodriguez_Zapatero_0002.jpg,Jose_Luis_Rodriguez_Zapatero
Jose_Luis_Rodriguez_Zapatero_0003.jpg,Jose_Luis_Rodriguez_Zapatero
Jose_Luis_Rodriguez_Zapatero_0004.jpg,Jose_Luis_Rodriguez_Zapatero
Joxel_Garcia_0001.jpg,Joxel_Garcia
Joxel_Garcia_0002.jpg,Joxel_Garcia
Joxel_Garcia_0003.jpg,Joxel_Garcia
Juanes_0001.jpg,Juanes
Juanes_0002.jpg,Juanes
Juanes_0003.jpg,Juanes
Juanes_0004.jpg,Juanes
Juan_Carlos_0001.jpg,Juan_Carlos
Juan_Carlos_0002.jpg,Juan_Carlos
Juan_Carlos_0003.jpg,Juan_Carlos
Juan_Carlos_0004.jpg,Juan_Carlos
Juan_Carlos_Ferrero_0001.jpg,Juan_Carlos_Ferrero
Juan_Carlos_Ferrero_0002.jpg,Juan_Carlos_Ferrero
Juan_Carlos_Ferrero_0003.jpg,Juan_Carlos_Ferrero
Juan_Carlos_Ferrero_0004.jpg,Juan_Carlos_Ferrero
Jude_Law_0001.jpg,Jude_Law
Jude_Law_0002.jpg,Jude_Law
Jude_Law_0003.jpg,Jude_Law
Jude_Law_0004.jpg,Jude_Law
Judith_Nathan_0001.jpg,Judith_Nathan
Judith_Nathan_0002.jpg,Judith_Nathan
Judi_Dench_0001.jpg,Judi_Dench
Judi_Dench_0002.jpg,Judi_Dench
Judi_Dench_0003.jpg,Judi_Dench
Julianna_Margulies_0001.jpg,Julianna_Margulies
Julianna_Margulies_0002.jpg,Julianna_Margulies
Julianna_Margulies_0003.jpg,Julianna_Margulies
Julianna_Margulies_0004.jpg,Julianna_Margulies
Julian_Fantino_0001.jpg,Julian_Fantino
Julian_Fantino_0002.jpg,Julian_Fantino
Julian_Fantino_0003.jpg,Julian_Fantino
Julian_Fantino_0004.jpg,Julian_Fantino
Julia_Ormond_0001.jpg,Julia_Ormond
Julia_Ormond_0002.jpg,Julia_Ormond
Julia_Ormond_0003.jpg,Julia_Ormond
Julien_Boutter_0001.jpg,Julien_Boutter
Julien_Boutter_0002.jpg,Julien_Boutter
Justine_Henin_0001.jpg,Justine_Henin
Justine_Henin_0002.jpg,Justine_Henin
Justine_Henin_0003.jpg,Justine_Henin
Justine_Henin_0004.jpg,Justine_Henin
Justin_Gatlin_0001.jpg,Justin_Gatlin
Justin_Gatlin_0002.jpg,Justin_Gatlin
Justin_Leonard_0001.jpg,Justin_Leonard
Justin_Leonard_0002.jpg,Justin_Leonard
Justin_Leonard_0003.jpg,Justin_Leonard
Justin_Leonard_0004.jpg,Justin_Leonard
Justin_Wilson_0001.jpg,Justin_Wilson
Justin_Wilson_0002.jpg,Justin_Wilson
Justin_Wilson_0003.jpg,Justin_Wilson
Justin_Wilson_0004.jpg,Justin_Wilson
Karin_Pilsaeter_0001.jpg,Karin_Pilsaeter
Karin_Pilsaeter_0002.jpg,Karin_Pilsaeter
Karin_Viard_0001.jpg,Karin_Viard
Karin_Viard_0002.jpg,Karin_Viard
Karin_Viard_0003.jpg,Karin_Viard
Karin_Viard_0004.jpg,Karin_Viard
Karol_Kucera_0001.jpg,Karol_Kucera
Karol_Kucera_0002.jpg,Karol_Kucera
Kate_Lee_0001.jpg,Kate_Lee
Kate_Lee_0002.jpg,Kate_Lee
Kate_Lee_0003.jpg,Kate_Lee
Kate_Lee_0004.jpg,Kate_Lee
Kate_Starbird_0001.jpg,Kate_Starbird
Kate_Starbird_0002.jpg,Kate_Starbird
Kate_Starbird_0003.jpg,Kate_Starbird
Kate_Starbird_0004.jpg,Kate_Starbird
Katharine_Hepburn_0001.jpg,Katharine_Hepburn
Katharine_Hepburn_0002.jpg,Katharine_Hepburn
Katharine_Hepburn_0003.jpg,Katharine_Hepburn
Katharine_Hepburn_0004.jpg,Katharine_Hepburn
Kathleen_Kennedy_Townsend_0001.jpg,Kathleen_Kennedy_Townsend
Kathleen_Kennedy_Townsend_0002.jpg,Kathleen_Kennedy_Townsend
Kathleen_Kennedy_Townsend_0003.jpg,Kathleen_Kennedy_Townsend
Kathleen_Kennedy_Townsend_0004.jpg,Kathleen_Kennedy_Townsend
Kathryn_Bigelow_0001.jpg,Kathryn_Bigelow
Kathryn_Bigelow_0002.jpg,Kathryn_Bigelow
Kathryn_Bigelow_0003.jpg,Kathryn_Bigelow
Kathryn_Bigelow_0004.jpg,Kathryn_Bigelow
Kathryn_Morris_0001.jpg,Kathryn_Morris
Kathryn_Morris_0002.jpg,Kathryn_Morris
Kathryn_Morris_0003.jpg,Kathryn_Morris
Kathryn_Morris_0004.jpg,Kathryn_Morris
Kathy_Baker_0001.jpg,Kathy_Baker
Kathy_Baker_0002.jpg,Kathy_Baker
Kathy_Bates_0001.jpg,Kathy_Bates
Kathy_Bates_0002.jpg,Kathy_Bates
Kathy_Bates_0003.jpg,Kathy_Bates
Kathy_Bates_0004.jpg,Kathy_Bates
Keith_Foulke_0001.jpg,Keith_Foulke
Keith_Foulke_0002.jpg,Keith_Foulke
Kellie_Coffey_0001.jpg,Kellie_Coffey
Kellie_Coffey_0002.jpg,Kellie_Coffey
Kellie_Coffey_0003.jpg,Kellie_Coffey
Kelly_Santos_0001.jpg,Kelly_Santos
Kelly_Santos_0002.jpg,Kelly_Santos
Kelvin_Sampson_0001.jpg,Kelvin_Sampson
Kelvin_Sampson_0002.jpg,Kelvin_Sampson
Kelvin_Sampson_0003.jpg,Kelvin_Sampson
Kelvin_Sampson_0004.jpg,Kelvin_Sampson
Kenneth_Branagh_0001.jpg,Kenneth_Branagh
Kenneth_Branagh_0002.jpg,Kenneth_Branagh
Kenneth_Branagh_0003.jpg,Kenneth_Branagh
Kenneth_Branagh_0004.jpg,Kenneth_Branagh
Ken_Macha_0001.jpg,Ken_Macha
Ken_Macha_0002.jpg,Ken_Macha
Ken_Macha_0003.jpg,Ken_Macha
Kevin_Costner_0001.jpg,Kevin_Costner
Kevin_Costner_0002.jpg,Kevin_Costner
Kevin_Costner_0003.jpg,Kevin_Costner
Kevin_Costner_0004.jpg,Kevin_Costner
Kevin_Keegan_0001.jpg,Kevin_Keegan
Kevin_Keegan_0002.jpg,Kevin_Keegan
Kevin_Keegan_0003.jpg,Kevin_Keegan
Kevin_Keegan_0004.jpg,Kevin_Keegan
Kevin_Nealon_0001.jpg,Kevin_Nealon
Kevin_Nealon_0002.jpg,Kevin_Nealon
Kevin_Nealon_0003.jpg,Kevin_Nealon
Kevin_Nealon_0004.jpg,Kevin_Nealon
Kevin_Sorbo_0001.jpg,Kevin_Sorbo
Kevin_Sorbo_0002.jpg,Kevin_Sorbo
Kevin_Sorbo_0003.jpg,Kevin_Sorbo
Kevin_Sorbo_0004.jpg,Kevin_Sorbo
Kevin_Spacey_0001.jpg,Kevin_Spacey
Kevin_Spacey_0002.jpg,Kevin_Spacey
Kevin_Spacey_0003.jpg,Kevin_Spacey
Kevin_Spacey_0004.jpg,Kevin_Spacey
Khalid_Qazi_0001.jpg,Khalid_Qazi
Khalid_Qazi_0002.jpg,Khalid_Qazi
Kiki_Vandeweghe_0001.jpg,Kiki_Vandeweghe
Kiki_Vandeweghe_0002.jpg,Kiki_Vandeweghe
Kiki_Vandeweghe_0003.jpg,Kiki_Vandeweghe
King_Abdullah_II_0001.jpg,King_Abdullah_II
King_Abdullah_II_0002.jpg,King_Abdullah_II
King_Abdullah_II_0003.jpg,King_Abdullah_II
Kirk_Douglas_0001.jpg,Kirk_Douglas
Kirk_Douglas_0002.jpg,Kirk_Douglas
Kirk_Douglas_0003.jpg,Kirk_Douglas
Kirk_Douglas_0004.jpg,Kirk_Douglas
Kirk_Franklin_0001.jpg,Kirk_Franklin
Kirk_Franklin_0002.jpg,Kirk_Franklin
Kirk_Franklin_0003.jpg,Kirk_Franklin
Kirk_Franklin_0004.jpg,Kirk_Franklin
Kirsten_Dunst_0001.jpg,Kirsten_Dunst
Kirsten_Dunst_0002.jpg,Kirsten_Dunst
Kirsten_Dunst_0003.jpg,Kirsten_Dunst
Kirsten_Dunst_0004.jpg,Kirsten_Dunst
Klaus_Zwickel_0001.jpg,Klaus_Zwickel
Klaus_Zwickel_0002.jpg,Klaus_Zwickel
Klaus_Zwickel_0003.jpg,Klaus_Zwickel
Klaus_Zwickel_0004.jpg,Klaus_Zwickel
Kobe_Bryant_0001.jpg,Kobe_Bryant
Kobe_Bryant_0002.jpg,Kobe_Bryant
Kostya_Tszyu_0001.jpg,Kostya_Tszyu
Kostya_Tszyu_0002.jpg,Kostya_Tszyu
Kostya_Tszyu_0003.jpg,Kostya_Tszyu
Kostya_Tszyu_0004.jpg,Kostya_Tszyu
Krishna_Bhadur_Mahara_0001.jpg,Krishna_Bhadur_Mahara
Krishna_Bhadur_Mahara_0002.jpg,Krishna_Bhadur_Mahara
Kultida_Woods_0001.jpg,Kultida_Woods
Kultida_Woods_0002.jpg,Kultida_Woods
Kurt_Thomas_0001.jpg,Kurt_Thomas
Kurt_Thomas_0002.jpg,Kurt_Thomas
Kurt_Thomas_0003.jpg,Kurt_Thomas
Kurt_Thomas_0004.jpg,Kurt_Thomas
Larenz_Tate_0001.jpg,Larenz_Tate
Larenz_Tate_0002.jpg,Larenz_Tate
Larry_Eustachy_0001.jpg,Larry_Eustachy
Larry_Eustachy_0002.jpg,Larry_Eustachy
Larry_Eustachy_0003.jpg,Larry_Eustachy
Larry_Eustachy_0004.jpg,Larry_Eustachy
Larry_Flynt_0001.jpg,Larry_Flynt
Larry_Flynt_0002.jpg,Larry_Flynt
Larry_Flynt_0003.jpg,Larry_Flynt
Larry_Flynt_0004.jpg,Larry_Flynt
Larry_Hagman_0001.jpg,Larry_Hagman
Larry_Hagman_0002.jpg,Larry_Hagman
Larry_Hagman_0003.jpg,Larry_Hagman
Larry_Hagman_0004.jpg,Larry_Hagman
Larry_Lindsey_0001.jpg,Larry_Lindsey
Larry_Lindsey_0002.jpg,Larry_Lindsey
Larry_Nichols_0001.jpg,Larry_Nichols
Larry_Nichols_0002.jpg,Larry_Nichols
Larry_Pleau_0001.jpg,Larry_Pleau
Larry_Pleau_0002.jpg,Larry_Pleau
Larry_Pleau_0003.jpg,Larry_Pleau
Larry_Pleau_0004.jpg,Larry_Pleau
Latrell_Sprewell_0001.jpg,Latrell_Sprewell
Latrell_Sprewell_0002.jpg,Latrell_Sprewell
Laurie_Laychak_0001.jpg,Laurie_Laychak
Laurie_Laychak_0002.jpg,Laurie_Laychak
Lee_Chang-dong_0001.jpg,Lee_Chang-dong
Lee_Chang-dong_0002.jpg,Lee_Chang-dong
Leisel_Jones_0001.jpg,Leisel_Jones
Leisel_Jones_0002.jpg,Leisel_Jones
Leisel_Jones_0003.jpg,Leisel_Jones
Leisel_Jones_0004.jpg,Leisel_Jones
Leland_Chapman_0001.jpg,Leland_Chapman
Leland_Chapman_0002.jpg,Leland_Chapman
Lene_Espersen_0001.jpg,Lene_Espersen
Lene_Espersen_0002.jpg,Lene_Espersen
Lene_Espersen_0003.jpg,Lene_Espersen
Lene_Espersen_0004.jpg,Lene_Espersen
Lennart_Johansson_0001.jpg,Lennart_Johansson
Lennart_Johansson_0002.jpg,Lennart_Johansson
Leonardo_DiCaprio_0001.jpg,Leonardo_DiCaprio
Leonardo_DiCaprio_0002.jpg,Leonardo_DiCaprio
Leonardo_DiCaprio_0003.jpg,Leonardo_DiCaprio
Leonardo_DiCaprio_0004.jpg,Leonardo_DiCaprio
Leslie_Caldwell_0001.jpg,Leslie_Caldwell
Leslie_Caldwell_0002.jpg,Leslie_Caldwell
Leticia_Dolera_0001.jpg,Leticia_Dolera
Leticia_Dolera_0002.jpg,Leticia_Dolera
Leticia_Dolera_0003.jpg,Leticia_Dolera
Leticia_Dolera_0004.jpg,Leticia_Dolera
Liliana_Cavani_0001.jpg,Liliana_Cavani
Liliana_Cavani_0002.jpg,Liliana_Cavani
Liliana_Cavani_0003.jpg,Liliana_Cavani
Liliana_Cavani_0004.jpg,Liliana_Cavani
Lili_Taylor_0001.jpg,Lili_Taylor
Lili_Taylor_0002.jpg,Lili_Taylor
Lili_Taylor_0003.jpg,Lili_Taylor
Lili_Taylor_0004.jpg,Lili_Taylor
Lily_Safra_0001.jpg,Lily_Safra
Lily_Safra_0002.jpg,Lily_Safra
Lily_Safra_0003.jpg,Lily_Safra
Lily_Tomlin_0001.jpg,Lily_Tomlin
Lily_Tomlin_0002.jpg,Lily_Tomlin
Lily_Tomlin_0003.jpg,Lily_Tomlin
Lily_Tomlin_0004.jpg,Lily_Tomlin
Linda_Dano_0001.jpg,Linda_Dano
Linda_Dano_0002.jpg,Linda_Dano
Linda_Dano_0003.jpg,Linda_Dano
Linda_Dano_0004.jpg,Linda_Dano
Lionel_Chalmers_0001.jpg,Lionel_Chalmers
Lionel_Chalmers_0002.jpg,Lionel_Chalmers
Lisa_Stansfield_0001.jpg,Lisa_Stansfield
Lisa_Stansfield_0002.jpg,Lisa_Stansfield
Lisa_Stansfield_0003.jpg,Lisa_Stansfield
Lisa_Stansfield_0004.jpg,Lisa_Stansfield
Liu_Mingkang_0001.jpg,Liu_Mingkang
Liu_Mingkang_0002.jpg,Liu_Mingkang
Liza_Minnelli_0001.jpg,Liza_Minnelli
Liza_Minnelli_0002.jpg,Liza_Minnelli
Liza_Minnelli_0003.jpg,Liza_Minnelli
Lloyd_Ward_0001.jpg,Lloyd_Ward
Lloyd_Ward_0002.jpg,Lloyd_Ward
Lloyd_Ward_0003.jpg,Lloyd_Ward
Lokendra_Bahadur_Chand_0001.jpg,Lokendra_Bahadur_Chand
Lokendra_Bahadur_Chand_0002.jpg,Lokendra_Bahadur_Chand
Lonnie_Donegan_0001.jpg,Lonnie_Donegan
Lonnie_Donegan_0002.jpg,Lonnie_Donegan
Louisa_Baileche_0001.jpg,Louisa_Baileche
Louisa_Baileche_0002.jpg,Louisa_Baileche
Louisa_Baileche_0003.jpg,Louisa_Baileche
Louisa_Baileche_0004.jpg,Louisa_Baileche
Lucia_Kenny_Anthony_0001.jpg,Lucia_Kenny_Anthony
Lucia_Kenny_Anthony_0002.jpg,Lucia_Kenny_Anthony
Luis_Ernesto_Derbez_Bautista_0001.jpg,Luis_Ernesto_Derbez_Bautista
Luis_Ernesto_Derbez_Bautista_0002.jpg,Luis_Ernesto_Derbez_Bautista
Luis_Ernesto_Derbez_Bautista_0003.jpg,Luis_Ernesto_Derbez_Bautista
Luis_Gonzalez_0001.jpg,Luis_Gonzalez
Luis_Gonzalez_0002.jpg,Luis_Gonzalez
Luis_Gonzalez_0003.jpg,Luis_Gonzalez
Luis_Gonzalez_0004.jpg,Luis_Gonzalez
Luiz_Felipe_Scolari_0001.jpg,Luiz_Felipe_Scolari
Luiz_Felipe_Scolari_0002.jpg,Luiz_Felipe_Scolari
Luiz_Felipe_Scolari_0003.jpg,Luiz_Felipe_Scolari
Luiz_Felipe_Scolari_0004.jpg,Luiz_Felipe_Scolari
Luiz_Inacio_Lula_da_Silva_0001.jpg,Luiz_Inacio_Lula_da_Silva
Luiz_Inacio_Lula_da_Silva_0002.jpg,Luiz_Inacio_Lula_da_Silva
Luiz_Inacio_Lula_da_Silva_0003.jpg,Luiz_Inacio_Lula_da_Silva
Luiz_Inacio_Lula_da_Silva_0004.jpg,Luiz_Inacio_Lula_da_Silva
Luke_Ridnour_0001.jpg,Luke_Ridnour
Luke_Ridnour_0002.jpg,Luke_Ridnour
Luke_Smith_0001.jpg,Luke_Smith
Luke_Smith_0002.jpg,Luke_Smith
Luke_Walton_0001.jpg,Luke_Walton
Luke_Walton_0002.jpg,Luke_Walton
Luke_Walton_0003.jpg,Luke_Walton
Luke_Walton_0004.jpg,Luke_Walton
Lynn_Abraham_0001.jpg,Lynn_Abraham
Lynn_Abraham_0002.jpg,Lynn_Abraham
Maggie_Smith_0001.jpg,Maggie_Smith
Maggie_Smith_0002.jpg,Maggie_Smith
Maggie_Smith_0003.jpg,Maggie_Smith
Maggie_Smith_0004.jpg,Maggie_Smith
Mahima_Chaudhari_0001.jpg,Mahima_Chaudhari
Mahima_Chaudhari_0002.jpg,Mahima_Chaudhari
Mahima_Chaudhari_0003.jpg,Mahima_Chaudhari
Malcolm_Jamal_Warner_0001.jpg,Malcolm_Jamal_Warner
Malcolm_Jamal_Warner_0002.jpg,Malcolm_Jamal_Warner
Mamdouh_Habib_0001.jpg,Mamdouh_Habib
Mamdouh_Habib_0002.jpg,Mamdouh_Habib
Mamdouh_Habib_0003.jpg,Mamdouh_Habib
Manuel_Poggiali_0001.jpg,Manuel_Poggiali
Manuel_Poggiali_0002.jpg,Manuel_Poggiali
Marat_Safin_0001.jpg,Marat_Safin
Marat_Safin_0002.jpg,Marat_Safin
Marat_Safin_0003.jpg,Marat_Safin
Marat_Safin_0004.jpg,Marat_Safin
Marco_Irizarry_0001.jpg,Marco_Irizarry
Marco_Irizarry_0002.jpg,Marco_Irizarry
Marcus_Gronholm_0001.jpg,Marcus_Gronholm
Marcus_Gronholm_0002.jpg,Marcus_Gronholm
Marcus_Gronholm_0003.jpg,Marcus_Gronholm
Marcus_Gronholm_0004.jpg,Marcus_Gronholm
Marc_Bulger_0001.jpg,Marc_Bulger
Marc_Bulger_0002.jpg,Marc_Bulger
Marc_Bulger_0003.jpg,Marc_Bulger
Marc_Racicot_0001.jpg,Marc_Racicot
Marc_Racicot_0002.jpg,Marc_Racicot
Marc_Racicot_0003.jpg,Marc_Racicot
Marc_Racicot_0004.jpg,Marc_Racicot
Margaret_Hoelzer_0001.jpg,Margaret_Hoelzer
Margaret_Hoelzer_0002.jpg,Margaret_Hoelzer
Maria_Burks_0001.jpg,Maria_Burks
Maria_Burks_0002.jpg,Maria_Burks
Maria_Burks_0003.jpg,Maria_Burks
Maria_Conchita_Alonso_0001.jpg,Maria_Conchita_Alonso
Maria_Conchita_Alonso_0002.jpg,Maria_Conchita_Alonso
Maria_Conchita_Alonso_0003.jpg,Maria_Conchita_Alonso
Maria_Conchita_Alonso_0004.jpg,Maria_Conchita_Alonso
Marina_Hands_0001.jpg,Marina_Hands
Marina_Hands_0002.jpg,Marina_Hands
Marina_Hands_0003.jpg,Marina_Hands
Marina_Hands_0004.jpg,Marina_Hands
Mario_Dumont_0001.jpg,Mario_Dumont
Mario_Dumont_0002.jpg,Mario_Dumont
Mario_Dumont_0003.jpg,Mario_Dumont
Markus_Beyer_0001.jpg,Markus_Beyer
Markus_Beyer_0002.jpg,Markus_Beyer
Mark_Kelly_0001.jpg,Mark_Kelly
Mark_Kelly_0002.jpg,Mark_Kelly
Mark_Kelly_0003.jpg,Mark_Kelly
Mark_Podlesny_0001.jpg,Mark_Podlesny
Mark_Podlesny_0002.jpg,Mark_Podlesny
Mark_Shapiro_0001.jpg,Mark_Shapiro
Mark_Shapiro_0002.jpg,Mark_Shapiro
Martha_Lucia_Ramirez_0001.jpg,Martha_Lucia_Ramirez
Martha_Lucia_Ramirez_0002.jpg,Martha_Lucia_Ramirez
Martha_Lucia_Ramirez_0003.jpg,Martha_Lucia_Ramirez
Martha_Lucia_Ramirez_0004.jpg,Martha_Lucia_Ramirez
Martha_Sahagun_de_Fox_0001.jpg,Martha_Sahagun_de_Fox
Martha_Sahagun_de_Fox_0002.jpg,Martha_Sahagun_de_Fox
Martha_Sahagun_de_Fox_0003.jpg,Martha_Sahagun_de_Fox
Martha_Sahagun_de_Fox_0004.jpg,Martha_Sahagun_de_Fox
Martina_Hingis_0001.jpg,Martina_Hingis
Martina_Hingis_0002.jpg,Martina_Hingis
Martina_Hingis_0003.jpg,Martina_Hingis
Martina_Hingis_0004.jpg,Martina_Hingis
Martina_McBride_0001.jpg,Martina_McBride
Martina_McBride_0002.jpg,Martina_McBride
Martin_Frost_0001.jpg,Martin_Frost
Martin_Frost_0002.jpg,Martin_Frost
Martin_Frost_0003.jpg,Martin_Frost
Martin_Frost_0004.jpg,Martin_Frost
Martin_Sheen_0001.jpg,Martin_Sheen
Martin_Sheen_0002.jpg,Martin_Sheen
Martin_Sheen_0003.jpg,Martin_Sheen
Martin_Sheen_0004.jpg,Martin_Sheen
Martin_Short_0001.jpg,Martin_Short
Martin_Short_0002.jpg,Martin_Short
Martin_Short_0003.jpg,Martin_Short
Martin_Torrijos_0001.jpg,Martin_Torrijos
Martin_Torrijos_0002.jpg,Martin_Torrijos
Martin_Torrijos_0003.jpg,Martin_Torrijos
Martin_Torrijos_0004.jpg,Martin_Torrijos
Marwan_Muasher_0001.jpg,Marwan_Muasher
Marwan_Muasher_0002.jpg,Marwan_Muasher
Marwan_Muasher_0003.jpg,Marwan_Muasher
Mary-Kate_Olsen_0001.jpg,Mary-Kate_Olsen
Mary-Kate_Olsen_0002.jpg,Mary-Kate_Olsen
Mary_Descenza_0001.jpg,Mary_Descenza
Mary_Descenza_0002.jpg,Mary_Descenza
Mary_Lou_Retton_0001.jpg,Mary_Lou_Retton
Mary_Lou_Retton_0002.jpg,Mary_Lou_Retton
Mary_Lou_Retton_0003.jpg,Mary_Lou_Retton
Mary_Steenburgen_0001.jpg,Mary_Steenburgen
Mary_Steenburgen_0002.jpg,Mary_Steenburgen
Mary_Steenburgen_0003.jpg,Mary_Steenburgen
Mary_Steenburgen_0004.jpg,Mary_Steenburgen
Mary_Sue_Coleman_0001.jpg,Mary_Sue_Coleman
Mary_Sue_Coleman_0002.jpg,Mary_Sue_Coleman
Mary_Sue_Coleman_0003.jpg,Mary_Sue_Coleman
Matthew_Broderick_0001.jpg,Matthew_Broderick
Matthew_Broderick_0002.jpg,Matthew_Broderick
Matthew_Ouimet_0001.jpg,Matthew_Ouimet
Matthew_Ouimet_0002.jpg,Matthew_Ouimet
Matthew_Ouimet_0003.jpg,Matthew_Ouimet
Matthew_Perry_0001.jpg,Matthew_Perry
Matthew_Perry_0002.jpg,Matthew_Perry
Matthew_Perry_0003.jpg,Matthew_Perry
Matthias_Sammer_0001.jpg,Matthias_Sammer
Matthias_Sammer_0002.jpg,Matthias_Sammer
Matthias_Sammer_0003.jpg,Matthias_Sammer
Matthias_Sammer_0004.jpg,Matthias_Sammer
Maureen_Kanka_0001.jpg,Maureen_Kanka
Maureen_Kanka_0002.jpg,Maureen_Kanka
Maureen_Kanka_0003.jpg,Maureen_Kanka
Maurice_Papon_0001.jpg,Maurice_Papon
Maurice_Papon_0002.jpg,Maurice_Papon
Maurice_Papon_0003.jpg,Maurice_Papon
Maurice_Papon_0004.jpg,Maurice_Papon
Mauricio_Pochetino_0001.jpg,Mauricio_Pochetino
Mauricio_Pochetino_0002.jpg,Mauricio_Pochetino
Max_Baucus_0001.jpg,Max_Baucus
Max_Baucus_0002.jpg,Max_Baucus
Max_Baucus_0003.jpg,Max_Baucus
Max_Baucus_0004.jpg,Max_Baucus
Melvin_Talbert_0001.jpg,Melvin_Talbert
Melvin_Talbert_0002.jpg,Melvin_Talbert
Melvin_Talbert_0003.jpg,Melvin_Talbert
Mia_Mottley_0001.jpg,Mia_Mottley
Mia_Mottley_0002.jpg,Mia_Mottley
Michael_Arif_0001.jpg,Michael_Arif
Michael_Arif_0002.jpg,Michael_Arif
Michael_Capellas_0001.jpg,Michael_Capellas
Michael_Capellas_0002.jpg,Michael_Capellas
Michael_Doleac_0001.jpg,Michael_Doleac
Michael_Doleac_0002.jpg,Michael_Doleac
Michael_Frayn_0001.jpg,Michael_Frayn
Michael_Frayn_0002.jpg,Michael_Frayn
Michael_Hagee_0001.jpg,Michael_Hagee
Michael_Hagee_0002.jpg,Michael_Hagee
Michael_Hoffa_0001.jpg,Michael_Hoffa
Michael_Hoffa_0002.jpg,Michael_Hoffa
Michael_Jackson_0001.jpg,Michael_Jackson
Michael_Jackson_0002.jpg,Michael_Jackson
Michael_Jackson_0003.jpg,Michael_Jackson
Michael_Jackson_0004.jpg,Michael_Jackson
Michael_Kors_0001.jpg,Michael_Kors
Michael_Kors_0002.jpg,Michael_Kors
Michael_Milton_0001.jpg,Michael_Milton
Michael_Milton_0002.jpg,Michael_Milton
Michael_Phelps_0001.jpg,Michael_Phelps
Michael_Phelps_0002.jpg,Michael_Phelps
Michael_Phelps_0003.jpg,Michael_Phelps
Michael_Phelps_0004.jpg,Michael_Phelps
Michael_Richards_0001.jpg,Michael_Richards
Michael_Richards_0002.jpg,Michael_Richards
Michelle_Bachelet_0001.jpg,Michelle_Bachelet
Michelle_Bachelet_0002.jpg,Michelle_Bachelet
Michelle_Bachelet_0003.jpg,Michelle_Bachelet
Michelle_Lecky_0001.jpg,Michelle_Lecky
Michelle_Lecky_0002.jpg,Michelle_Lecky
Mick_McCarthy_0001.jpg,Mick_McCarthy
Mick_McCarthy_0002.jpg,Mick_McCarthy
Mick_McCarthy_0003.jpg,Mick_McCarthy
Mick_McCarthy_0004.jpg,Mick_McCarthy
Miguel_Cotto_0001.jpg,Miguel_Cotto
Miguel_Cotto_0002.jpg,Miguel_Cotto
Miguel_Rosseto_0001.jpg,Miguel_Rosseto
Miguel_Rosseto_0002.jpg,Miguel_Rosseto
Mika_Hakkinen_0001.jpg,Mika_Hakkinen
Mika_Hakkinen_0002.jpg,Mika_Hakkinen
Mika_Hakkinen_0003.jpg,Mika_Hakkinen
Mika_Hakkinen_0004.jpg,Mika_Hakkinen
Mike_Brey_0001.jpg,Mike_Brey
Mike_Brey_0002.jpg,Mike_Brey
Mike_Brey_0003.jpg,Mike_Brey
Mike_Carona_0001.jpg,Mike_Carona
Mike_Carona_0002.jpg,Mike_Carona
Mike_Carona_0003.jpg,Mike_Carona
Mike_Eskew_0001.jpg,Mike_Eskew
Mike_Eskew_0002.jpg,Mike_Eskew
Mike_Eskew_0003.jpg,Mike_Eskew
Mike_Eskew_0004.jpg,Mike_Eskew
Mike_Martz_0001.jpg,Mike_Martz
Mike_Martz_0002.jpg,Mike_Martz
Mike_Montgomery_0001.jpg,Mike_Montgomery
Mike_Montgomery_0002.jpg,Mike_Montgomery
Mike_Price_0001.jpg,Mike_Price
Mike_Price_0002.jpg,Mike_Price
Mike_Richter_0001.jpg,Mike_Richter
Mike_Richter_0002.jpg,Mike_Richter
Mike_Richter_0003.jpg,Mike_Richter
Mike_Richter_0004.jpg,Mike_Richter
Mike_Scioscia_0001.jpg,Mike_Scioscia
Mike_Scioscia_0002.jpg,Mike_Scioscia
Mike_Scioscia_0003.jpg,Mike_Scioscia
Mikhail_Kasyanov_0001.jpg,Mikhail_Kasyanov
Mikhail_Kasyanov_0002.jpg,Mikhail_Kasyanov
Mikhail_Khodorkovsky_0001.jpg,Mikhail_Khodorkovsky
Mikhail_Khodorkovsky_0002.jpg,Mikhail_Khodorkovsky
Mikhail_Khodorkovsky_0003.jpg,Mikhail_Khodorkovsky
Mikhail_Khodorkovsky_0004.jpg,Mikhail_Khodorkovsky
Miles_Stewart_0001.jpg,Miles_Stewart
Miles_Stewart_0002.jpg,Miles_Stewart
Mile_Mrksic_0001.jpg,Mile_Mrksic
Mile_Mrksic_0002.jpg,Mile_Mrksic
Millicent_Martin_0001.jpg,Millicent_Martin
Millicent_Martin_0002.jpg,Millicent_Martin
Millicent_Martin_0003.jpg,Millicent_Martin
Millicent_Martin_0004.jpg,Millicent_Martin
Milo_Djukanovic_0001.jpg,Milo_Djukanovic
Milo_Djukanovic_0002.jpg,Milo_Djukanovic
Milo_Djukanovic_0003.jpg,Milo_Djukanovic
Milo_Djukanovic_0004.jpg,Milo_Djukanovic
Minnie_Driver_0001.jpg,Minnie_Driver
Minnie_Driver_0002.jpg,Minnie_Driver
Minnie_Driver_0003.jpg,Minnie_Driver
Minnie_Driver_0004.jpg,Minnie_Driver
Miranda_Otto_0001.jpg,Miranda_Otto
Miranda_Otto_0002.jpg,Miranda_Otto
Miranda_Otto_0003.jpg,Miranda_Otto
Miranda_Otto_0004.jpg,Miranda_Otto
Mira_Sorvino_0001.jpg,Mira_Sorvino
Mira_Sorvino_0002.jpg,Mira_Sorvino
Mira_Sorvino_0003.jpg,Mira_Sorvino
Mira_Sorvino_0004.jpg,Mira_Sorvino
Mitsou_Gelinas_0001.jpg,Mitsou_Gelinas
Mitsou_Gelinas_0002.jpg,Mitsou_Gelinas
Mitsou_Gelinas_0003.jpg,Mitsou_Gelinas
Mladen_Naletilic_0001.jpg,Mladen_Naletilic
Mladen_Naletilic_0002.jpg,Mladen_Naletilic
Moby_0001.jpg,Moby
Moby_0002.jpg,Moby
Moby_0003.jpg,Moby
Moby_0004.jpg,Moby
Mohammed_Baqir_al-Hakim_0001.jpg,Mohammed_Baqir_al-Hakim
Mohammed_Baqir_al-Hakim_0002.jpg,Mohammed_Baqir_al-Hakim
Mohammed_Baqir_al-Hakim_0003.jpg,Mohammed_Baqir_al-Hakim
Mohammed_Baqir_al-Hakim_0004.jpg,Mohammed_Baqir_al-Hakim
Monica_Serra_0001.jpg,Monica_Serra
Monica_Serra_0002.jpg,Monica_Serra
Muammar_Gaddafi_0001.jpg,Muammar_Gaddafi
Muammar_Gaddafi_0002.jpg,Muammar_Gaddafi
Nancy_Powell_0001.jpg,Nancy_Powell
Nancy_Powell_0002.jpg,Nancy_Powell
Nancy_Powell_0003.jpg,Nancy_Powell
Nancy_Powell_0004.jpg,Nancy_Powell
Naoto_Kan_0001.jpg,Naoto_Kan
Naoto_Kan_0002.jpg,Naoto_Kan
Naoto_Kan_0003.jpg,Naoto_Kan
Natasha_Henstridge_0001.jpg,Natasha_Henstridge
Natasha_Henstridge_0002.jpg,Natasha_Henstridge
Natasha_McElhone_0001.jpg,Natasha_McElhone
Natasha_McElhone_0002.jpg,Natasha_McElhone
Nathalie_Baye_0001.jpg,Nathalie_Baye
Nathalie_Baye_0002.jpg,Nathalie_Baye
Nathalie_Baye_0003.jpg,Nathalie_Baye
Nathalie_Baye_0004.jpg,Nathalie_Baye
Nicklas_Lidstrom_0001.jpg,Nicklas_Lidstrom
Nicklas_Lidstrom_0002.jpg,Nicklas_Lidstrom
Nicklas_Lidstrom_0003.jpg,Nicklas_Lidstrom
Nick_Nolte_0001.jpg,Nick_Nolte
Nick_Nolte_0002.jpg,Nick_Nolte
Nick_Nolte_0003.jpg,Nick_Nolte
Nick_Nolte_0004.jpg,Nick_Nolte
Nicole_Parker_0001.jpg,Nicole_Parker
Nicole_Parker_0002.jpg,Nicole_Parker
Nicole_Parker_0003.jpg,Nicole_Parker
Nicole_Parker_0004.jpg,Nicole_Parker
Nizar_Trabelsi_0001.jpg,Nizar_Trabelsi
Nizar_Trabelsi_0002.jpg,Nizar_Trabelsi
Nizar_Trabelsi_0003.jpg,Nizar_Trabelsi
Nizar_Trabelsi_0004.jpg,Nizar_Trabelsi
Nobuyuki_Idei_0001.jpg,Nobuyuki_Idei
Nobuyuki_Idei_0002.jpg,Nobuyuki_Idei
Nobuyuki_Idei_0003.jpg,Nobuyuki_Idei
Noel_Forgeard_0001.jpg,Noel_Forgeard
Noel_Forgeard_0002.jpg,Noel_Forgeard
Noel_Forgeard_0003.jpg,Noel_Forgeard
Noel_Forgeard_0004.jpg,Noel_Forgeard
Nong_Duc_Manh_0001.jpg,Nong_Duc_Manh
Nong_Duc_Manh_0002.jpg,Nong_Duc_Manh
Nong_Duc_Manh_0003.jpg,Nong_Duc_Manh
Norman_Mailer_0001.jpg,Norman_Mailer
Norman_Mailer_0002.jpg,Norman_Mailer
Norman_Mailer_0003.jpg,Norman_Mailer
Norman_Mailer_0004.jpg,Norman_Mailer
Oleg_Romantsev_0001.jpg,Oleg_Romantsev
Oleg_Romantsev_0002.jpg,Oleg_Romantsev
Oleg_Romantsev_0003.jpg,Oleg_Romantsev
Oleg_Romantsev_0004.jpg,Oleg_Romantsev
Ornella_Muti_0001.jpg,Ornella_Muti
Ornella_Muti_0002.jpg,Ornella_Muti
Ornella_Muti_0003.jpg,Ornella_Muti
Ornella_Muti_0004.jpg,Ornella_Muti
Oscar_Elias_Biscet_0001.jpg,Oscar_Elias_Biscet
Oscar_Elias_Biscet_0002.jpg,Oscar_Elias_Biscet
Oscar_Elias_Biscet_0003.jpg,Oscar_Elias_Biscet
Otto_Schily_0001.jpg,Otto_Schily
Otto_Schily_0002.jpg,Otto_Schily
Otto_Schily_0003.jpg,Otto_Schily
Oxana_Fedorova_0001.jpg,Oxana_Fedorova
Oxana_Fedorova_0002.jpg,Oxana_Fedorova
Paddy_Torsney_0001.jpg,Paddy_Torsney
Paddy_Torsney_0002.jpg,Paddy_Torsney
Paddy_Torsney_0003.jpg,Paddy_Torsney
Pascal_Quignard_0001.jpg,Pascal_Quignard
Pascal_Quignard_0002.jpg,Pascal_Quignard
Pascal_Quignard_0003.jpg,Pascal_Quignard
Pascal_Quignard_0004.jpg,Pascal_Quignard
Patricia_Phillips_0001.jpg,Patricia_Phillips
Patricia_Phillips_0002.jpg,Patricia_Phillips
Patricia_Russo_0001.jpg,Patricia_Russo
Patricia_Russo_0002.jpg,Patricia_Russo
Patrick_Bourrat_0001.jpg,Patrick_Bourrat
Patrick_Bourrat_0002.jpg,Patrick_Bourrat
Patrick_Bourrat_0003.jpg,Patrick_Bourrat
Patrick_Kron_0001.jpg,Patrick_Kron
Patrick_Kron_0002.jpg,Patrick_Kron
Patrick_Stewart_0001.jpg,Patrick_Stewart
Patrick_Stewart_0002.jpg,Patrick_Stewart
Patrick_Stewart_0003.jpg,Patrick_Stewart
Patrick_Stewart_0004.jpg,Patrick_Stewart
Patti_Balgojevich_0001.jpg,Patti_Balgojevich
Patti_Balgojevich_0002.jpg,Patti_Balgojevich
Patty_Schnyder_0001.jpg,Patty_Schnyder
Patty_Schnyder_0002.jpg,Patty_Schnyder
Patty_Schnyder_0003.jpg,Patty_Schnyder
Patty_Schnyder_0004.jpg,Patty_Schnyder
Patty_Sheehan_0001.jpg,Patty_Sheehan
Patty_Sheehan_0002.jpg,Patty_Sheehan
Patty_Sheehan_0003.jpg,Patty_Sheehan
Patty_Sheehan_0004.jpg,Patty_Sheehan
Pat_Cox_0001.jpg,Pat_Cox
Pat_Cox_0002.jpg,Pat_Cox
Pat_Cox_0003.jpg,Pat_Cox
Paula_Dobriansky_0001.jpg,Paula_Dobriansky
Paula_Dobriansky_0002.jpg,Paula_Dobriansky
Paula_Dobriansky_0003.jpg,Paula_Dobriansky
Paula_Prentiss_0001.jpg,Paula_Prentiss
Paula_Prentiss_0002.jpg,Paula_Prentiss
Paula_Radcliffe_0001.jpg,Paula_Radcliffe
Paula_Radcliffe_0002.jpg,Paula_Radcliffe
Paula_Radcliffe_0003.jpg,Paula_Radcliffe
Paula_Radcliffe_0004.jpg,Paula_Radcliffe
Paul_Brandt_0001.jpg,Paul_Brandt
Paul_Brandt_0002.jpg,Paul_Brandt
Paul_Burrell_0001.jpg,Paul_Burrell
Paul_Burrell_0002.jpg,Paul_Burrell
Paul_Burrell_0003.jpg,Paul_Burrell
Paul_Burrell_0004.jpg,Paul_Burrell
Paul_Byrd_0001.jpg,Paul_Byrd
Paul_Byrd_0002.jpg,Paul_Byrd
Paul_Byrd_0003.jpg,Paul_Byrd
Paul_Byrd_0004.jpg,Paul_Byrd
Paul_Clark_0001.jpg,Paul_Clark
Paul_Clark_0002.jpg,Paul_Clark
Paul_Kagame_0001.jpg,Paul_Kagame
Paul_Kagame_0002.jpg,Paul_Kagame
Paul_Kariya_0001.jpg,Paul_Kariya
Paul_Kariya_0002.jpg,Paul_Kariya
Paul_Kariya_0003.jpg,Paul_Kariya
Paul_Martin_0001.jpg,Paul_Martin
Paul_Martin_0002.jpg,Paul_Martin
Paul_Wellstone_0001.jpg,Paul_Wellstone
Paul_Wellstone_0002.jpg,Paul_Wellstone
Paul_Wellstone_0003.jpg,Paul_Wellstone
Paul_Wolfowitz_0001.jpg,Paul_Wolfowitz
Paul_Wolfowitz_0002.jpg,Paul_Wolfowitz
Paul_Wolfowitz_0003.jpg,Paul_Wolfowitz
Paul_Wolfowitz_0004.jpg,Paul_Wolfowitz
Pedro_Duque_0001.jpg,Pedro_Duque
Pedro_Duque_0002.jpg,Pedro_Duque
Pedro_Duque_0003.jpg,Pedro_Duque
Pedro_Martinez_0001.jpg,Pedro_Martinez
Pedro_Martinez_0002.jpg,Pedro_Martinez
Pedro_Martinez_0003.jpg,Pedro_Martinez
Pedro_Martinez_0004.jpg,Pedro_Martinez
Pedro_Solbes_0001.jpg,Pedro_Solbes
Pedro_Solbes_0002.jpg,Pedro_Solbes
Penelope_Ann_Miller_0001.jpg,Penelope_Ann_Miller
Penelope_Ann_Miller_0002.jpg,Penelope_Ann_Miller
Penelope_Cruz_0001.jpg,Penelope_Cruz
Penelope_Cruz_0002.jpg,Penelope_Cruz
Peter_Arnett_0001.jpg,Peter_Arnett
Peter_Arnett_0002.jpg,Peter_Arnett
Peter_Arnett_0003.jpg,Peter_Arnett
Peter_Lundgren_0001.jpg,Peter_Lundgren
Peter_Lundgren_0002.jpg,Peter_Lundgren
Peter_Struck_0001.jpg,Peter_Struck
Peter_Struck_0002.jpg,Peter_Struck
Peter_Struck_0003.jpg,Peter_Struck
Peter_Struck_0004.jpg,Peter_Struck
Pete_Carroll_0001.jpg,Pete_Carroll
Pete_Carroll_0002.jpg,Pete_Carroll
Pete_Sampras_0001.jpg,Pete_Sampras
Pete_Sampras_0002.jpg,Pete_Sampras
Pete_Sampras_0003.jpg,Pete_Sampras
Pete_Sampras_0004.jpg,Pete_Sampras
Petria_Thomas_0001.jpg,Petria_Thomas
Petria_Thomas_0002.jpg,Petria_Thomas
Phillipe_Comtois_0001.jpg,Phillipe_Comtois
Phillipe_Comtois_0002.jpg,Phillipe_Comtois
Phillip_Fulmer_0001.jpg,Phillip_Fulmer
Phillip_Fulmer_0002.jpg,Phillip_Fulmer
Phillip_Fulmer_0003.jpg,Phillip_Fulmer
Phil_Bennett_0001.jpg,Phil_Bennett
Phil_Bennett_0002.jpg,Phil_Bennett
Phil_Bennett_0003.jpg,Phil_Bennett
Phil_Bennett_0004.jpg,Phil_Bennett
Phil_Donahue_0001.jpg,Phil_Donahue
Phil_Donahue_0002.jpg,Phil_Donahue
Phil_Donahue_0003.jpg,Phil_Donahue
Piers_Sellers_0001.jpg,Piers_Sellers
Piers_Sellers_0002.jpg,Piers_Sellers
Piers_Sellers_0003.jpg,Piers_Sellers
Piers_Sellers_0004.jpg,Piers_Sellers
Prince_Claus_0001.jpg,Prince_Claus
Prince_Claus_0002.jpg,Prince_Claus
Prince_Felipe_0001.jpg,Prince_Felipe
Prince_Felipe_0002.jpg,Prince_Felipe
Prince_Felipe_0003.jpg,Prince_Felipe
Prince_Felipe_0004.jpg,Prince_Felipe
Priscilla_Presley_0001.jpg,Priscilla_Presley
Priscilla_Presley_0002.jpg,Priscilla_Presley
Pyar_Jung_Thapa_0001.jpg,Pyar_Jung_Thapa
Pyar_Jung_Thapa_0002.jpg,Pyar_Jung_Thapa
Pyar_Jung_Thapa_0003.jpg,Pyar_Jung_Thapa
Rachel_Griffiths_0001.jpg,Rachel_Griffiths
Rachel_Griffiths_0002.jpg,Rachel_Griffiths
Rachel_Griffiths_0003.jpg,Rachel_Griffiths
Rachel_Griffiths_0004.jpg,Rachel_Griffiths
Rafael_Bielsa_0001.jpg,Rafael_Bielsa
Rafael_Bielsa_0002.jpg,Rafael_Bielsa
Rafael_Bielsa_0003.jpg,Rafael_Bielsa
Rafiq_Hariri_0001.jpg,Rafiq_Hariri
Rafiq_Hariri_0002.jpg,Rafiq_Hariri
Raja_Zafar-ul-Haq_0001.jpg,Raja_Zafar-ul-Haq
Raja_Zafar-ul-Haq_0002.jpg,Raja_Zafar-ul-Haq
Raja_Zafar-ul-Haq_0003.jpg,Raja_Zafar-ul-Haq
Ralph_Firman_0001.jpg,Ralph_Firman
Ralph_Firman_0002.jpg,Ralph_Firman
Randall_Terry_0001.jpg,Randall_Terry
Randall_Terry_0002.jpg,Randall_Terry
Randy_Ferbey_0001.jpg,Randy_Ferbey
Randy_Ferbey_0002.jpg,Randy_Ferbey
Randy_Ferbey_0003.jpg,Randy_Ferbey
Randy_Ferbey_0004.jpg,Randy_Ferbey
Raquel_Welch_0001.jpg,Raquel_Welch
Raquel_Welch_0002.jpg,Raquel_Welch
Raymond_Arthurs_0001.jpg,Raymond_Arthurs
Raymond_Arthurs_0002.jpg,Raymond_Arthurs
Raymond_Odierno_0001.jpg,Raymond_Odierno
Raymond_Odierno_0002.jpg,Raymond_Odierno
Raymond_Odierno_0003.jpg,Raymond_Odierno
Ray_Halbritter_0001.jpg,Ray_Halbritter
Ray_Halbritter_0002.jpg,Ray_Halbritter
Ray_Liotta_0001.jpg,Ray_Liotta
Ray_Liotta_0002.jpg,Ray_Liotta
Ray_Liotta_0003.jpg,Ray_Liotta
Ray_Liotta_0004.jpg,Ray_Liotta
Ray_Nagin_0001.jpg,Ray_Nagin
Ray_Nagin_0002.jpg,Ray_Nagin
Ray_Price_0001.jpg,Ray_Price
Ray_Price_0002.jpg,Ray_Price
Ray_Price_0003.jpg,Ray_Price
Ray_Price_0004.jpg,Ray_Price
Ray_Romano_0001.jpg,Ray_Romano
Ray_Romano_0002.jpg,Ray_Romano
Ray_Young_0001.jpg,Ray_Young
Ray_Young_0002.jpg,Ray_Young
Rebecca_Romijn_Stamos_0001.jpg,Rebecca_Romijn_Stamos
Rebecca_Romijn_Stamos_0002.jpg,Rebecca_Romijn_Stamos
Rebecca_Romijn_Stamos_0003.jpg,Rebecca_Romijn_Stamos
Rebecca_Romijn_Stamos_0004.jpg,Rebecca_Romijn_Stamos
Reinhard_Buetikofer_0001.jpg,Reinhard_Buetikofer
Reinhard_Buetikofer_0002.jpg,Reinhard_Buetikofer
Renato_Soru_0001.jpg,Renato_Soru
Renato_Soru_0002.jpg,Renato_Soru
Renee_Zellweger_0001.jpg,Renee_Zellweger
Renee_Zellweger_0002.jpg,Renee_Zellweger
Renee_Zellweger_0003.jpg,Renee_Zellweger
Renee_Zellweger_0004.jpg,Renee_Zellweger
Rhett_Warrener_0001.jpg,Rhett_Warrener
Rhett_Warrener_0002.jpg,Rhett_Warrener
Rhett_Warrener_0003.jpg,Rhett_Warrener
Rhett_Warrener_0004.jpg,Rhett_Warrener
Richard_Gephardt_0001.jpg,Richard_Gephardt
Richard_Gephardt_0002.jpg,Richard_Gephardt
Richard_Haass_0001.jpg,Richard_Haass
Richard_Haass_0002.jpg,Richard_Haass
Richard_Haass_0003.jpg,Richard_Haass
Richard_Haass_0004.jpg,Richard_Haass
Richard_Krajicek_0001.jpg,Richard_Krajicek
Richard_Krajicek_0002.jpg,Richard_Krajicek
Richard_Krajicek_0003.jpg,Richard_Krajicek
Richard_Krajicek_0004.jpg,Richard_Krajicek
Richard_Lennon_0001.jpg,Richard_Lennon
Richard_Lennon_0002.jpg,Richard_Lennon
Richard_Myers_0001.jpg,Richard_Myers
Richard_Myers_0002.jpg,Richard_Myers
Richard_Shelby_0001.jpg,Richard_Shelby
Richard_Shelby_0002.jpg,Richard_Shelby
Richard_Shelby_0003.jpg,Richard_Shelby
Richard_Shelby_0004.jpg,Richard_Shelby
Richie_Adubato_0001.jpg,Richie_Adubato
Richie_Adubato_0002.jpg,Richie_Adubato
Rich_Gannon_0001.jpg,Rich_Gannon
Rich_Gannon_0002.jpg,Rich_Gannon
Rich_Gannon_0003.jpg,Rich_Gannon
Rich_Gannon_0004.jpg,Rich_Gannon
Ricky_Martin_0001.jpg,Ricky_Martin
Ricky_Martin_0002.jpg,Ricky_Martin
Ricky_Martin_0003.jpg,Ricky_Martin
Ricky_Martin_0004.jpg,Ricky_Martin
Rick_Perry_0001.jpg,Rick_Perry
Rick_Perry_0002.jpg,Rick_Perry
Rick_Perry_0003.jpg,Rick_Perry
Rick_Perry_0004.jpg,Rick_Perry
Rick_Romley_0001.jpg,Rick_Romley
Rick_Romley_0002.jpg,Rick_Romley
Roberta_Combs_0001.jpg,Roberta_Combs
Roberta_Combs_0002.jpg,Roberta_Combs
Roberta_Combs_0003.jpg,Roberta_Combs
Roberta_Combs_0004.jpg,Roberta_Combs
Roberto_Lavagna_0001.jpg,Roberto_Lavagna
Roberto_Lavagna_0002.jpg,Roberto_Lavagna
Roberto_Lavagna_0003.jpg,Roberto_Lavagna
Roberto_Lavagna_0004.jpg,Roberto_Lavagna
Robert_Bonner_0001.jpg,Robert_Bonner
Robert_Bonner_0002.jpg,Robert_Bonner
Robert_De_Niro_0001.jpg,Robert_De_Niro
Robert_De_Niro_0002.jpg,Robert_De_Niro
Robert_Hanssen_0001.jpg,Robert_Hanssen
Robert_Hanssen_0002.jpg,Robert_Hanssen
Robert_Mueller_0001.jpg,Robert_Mueller
Robert_Mueller_0002.jpg,Robert_Mueller
Robert_Mueller_0003.jpg,Robert_Mueller
Robert_Stack_0001.jpg,Robert_Stack
Robert_Stack_0002.jpg,Robert_Stack
Robert_Stack_0003.jpg,Robert_Stack
Robert_Stack_0004.jpg,Robert_Stack
Robert_Tyrrell_0001.jpg,Robert_Tyrrell
Robert_Tyrrell_0002.jpg,Robert_Tyrrell
Robin_Cook_0001.jpg,Robin_Cook
Robin_Cook_0002.jpg,Robin_Cook
Robin_Cook_0003.jpg,Robin_Cook
Robin_Johansen_0001.jpg,Robin_Johansen
Robin_Johansen_0002.jpg,Robin_Johansen
Robin_McLaurin_Williams_0001.jpg,Robin_McLaurin_Williams
Robin_McLaurin_Williams_0002.jpg,Robin_McLaurin_Williams
Robin_Tunney_0001.jpg,Robin_Tunney
Robin_Tunney_0002.jpg,Robin_Tunney
Robin_Tunney_0003.jpg,Robin_Tunney
Robin_Tunney_0004.jpg,Robin_Tunney
Robin_Williams_0001.jpg,Robin_Williams
Robin_Williams_0002.jpg,Robin_Williams
Rob_Marshall_0001.jpg,Rob_Marshall
Rob_Marshall_0002.jpg,Rob_Marshall
Rob_Marshall_0003.jpg,Rob_Marshall
Rob_Marshall_0004.jpg,Rob_Marshall
Rob_Morrow_0001.jpg,Rob_Morrow
Rob_Morrow_0002.jpg,Rob_Morrow
Rob_Morrow_0003.jpg,Rob_Morrow
Rob_Morrow_0004.jpg,Rob_Morrow
Rodrigo_Borja_0001.jpg,Rodrigo_Borja
Rodrigo_Borja_0002.jpg,Rodrigo_Borja
Rodrigo_Borja_0003.jpg,Rodrigo_Borja
Rodrigo_Borja_0004.jpg,Rodrigo_Borja
Rod_Thorn_0001.jpg,Rod_Thorn
Rod_Thorn_0002.jpg,Rod_Thorn
Rogelio_Montemayor_0001.jpg,Rogelio_Montemayor
Rogelio_Montemayor_0002.jpg,Rogelio_Montemayor
Roger_Penske_0001.jpg,Roger_Penske
Roger_Penske_0002.jpg,Roger_Penske
Roman_Coppola_0001.jpg,Roman_Coppola
Roman_Coppola_0002.jpg,Roman_Coppola
Roman_Coppola_0003.jpg,Roman_Coppola
Roman_Polanski_0001.jpg,Roman_Polanski
Roman_Polanski_0002.jpg,Roman_Polanski
Roman_Polanski_0003.jpg,Roman_Polanski
Ronaldo_Luis_Nazario_de_Lima_0001.jpg,Ronaldo_Luis_Nazario_de_Lima
Ronaldo_Luis_Nazario_de_Lima_0002.jpg,Ronaldo_Luis_Nazario_de_Lima
Ronaldo_Luis_Nazario_de_Lima_0003.jpg,Ronaldo_Luis_Nazario_de_Lima
Ronaldo_Luis_Nazario_de_Lima_0004.jpg,Ronaldo_Luis_Nazario_de_Lima
Ronald_Reagan_0001.jpg,Ronald_Reagan
Ronald_Reagan_0002.jpg,Ronald_Reagan
Ronald_Reagan_0003.jpg,Ronald_Reagan
Ronald_Reagan_0004.jpg,Ronald_Reagan
Rubens_Barrichello_0001.jpg,Rubens_Barrichello
Rubens_Barrichello_0002.jpg,Rubens_Barrichello
Rubens_Barrichello_0003.jpg,Rubens_Barrichello
Ruben_Studdard_0001.jpg,Ruben_Studdard
Ruben_Studdard_0002.jpg,Ruben_Studdard
Ruben_Studdard_0003.jpg,Ruben_Studdard
Ruben_Studdard_0004.jpg,Ruben_Studdard
Rudolph_Holton_0001.jpg,Rudolph_Holton
Rudolph_Holton_0002.jpg,Rudolph_Holton
Saeed_Mortazavi_0001.jpg,Saeed_Mortazavi
Saeed_Mortazavi_0002.jpg,Saeed_Mortazavi
Salma_Hayek_0001.jpg,Salma_Hayek
Salma_Hayek_0002.jpg,Salma_Hayek
Sammy_Sosa_0001.jpg,Sammy_Sosa
Sammy_Sosa_0002.jpg,Sammy_Sosa
Sammy_Sosa_0003.jpg,Sammy_Sosa
Sammy_Sosa_0004.jpg,Sammy_Sosa
Sam_Bith_0001.jpg,Sam_Bith
Sam_Bith_0002.jpg,Sam_Bith
Sam_Torrance_0001.jpg,Sam_Torrance
Sam_Torrance_0002.jpg,Sam_Torrance
Sananda_Maitreya_0001.jpg,Sananda_Maitreya
Sananda_Maitreya_0002.jpg,Sananda_Maitreya
Sananda_Maitreya_0003.jpg,Sananda_Maitreya
Sandra_Bullock_0001.jpg,Sandra_Bullock
Sandra_Bullock_0002.jpg,Sandra_Bullock
Sandra_Bullock_0003.jpg,Sandra_Bullock
Sandra_Milo_0001.jpg,Sandra_Milo
Sandra_Milo_0002.jpg,Sandra_Milo
Sandra_Milo_0003.jpg,Sandra_Milo
Sandra_Milo_0004.jpg,Sandra_Milo
Sandy_Smith_0001.jpg,Sandy_Smith
Sandy_Smith_0002.jpg,Sandy_Smith
Sarah_Hughes_0001.jpg,Sarah_Hughes
Sarah_Hughes_0002.jpg,Sarah_Hughes
Sasha_Alexander_0001.jpg,Sasha_Alexander
Sasha_Alexander_0002.jpg,Sasha_Alexander
Scott_Verplank_0001.jpg,Scott_Verplank
Scott_Verplank_0002.jpg,Scott_Verplank
Scott_Weiland_0001.jpg,Scott_Weiland
Scott_Weiland_0002.jpg,Scott_Weiland
Scott_Weiland_0003.jpg,Scott_Weiland
Scott_Weiland_0004.jpg,Scott_Weiland
Scott_Yates_0001.jpg,Scott_Yates
Scott_Yates_0002.jpg,Scott_Yates
Sean_Hayes_0001.jpg,Sean_Hayes
Sean_Hayes_0002.jpg,Sean_Hayes
Sean_Hayes_0003.jpg,Sean_Hayes
Sean_Hayes_0004.jpg,Sean_Hayes
Sebastian_Porto_0001.jpg,Sebastian_Porto
Sebastian_Porto_0002.jpg,Sebastian_Porto
Sebastian_Porto_0003.jpg,Sebastian_Porto
Sebastian_Porto_0004.jpg,Sebastian_Porto
Sebastien_Grosjean_0001.jpg,Sebastien_Grosjean
Sebastien_Grosjean_0002.jpg,Sebastien_Grosjean
Sebastien_Grosjean_0003.jpg,Sebastien_Grosjean
Sebastien_Grosjean_0004.jpg,Sebastien_Grosjean
Serge_Klarsfeld_0001.jpg,Serge_Klarsfeld
Serge_Klarsfeld_0002.jpg,Serge_Klarsfeld
Serge_Klarsfeld_0003.jpg,Serge_Klarsfeld
Serge_Klarsfeld_0004.jpg,Serge_Klarsfeld
Sharon_Robinson_0001.jpg,Sharon_Robinson
Sharon_Robinson_0002.jpg,Sharon_Robinson
Sharon_Robinson_0003.jpg,Sharon_Robinson
Sharon_Robinson_0004.jpg,Sharon_Robinson
Sharon_Stone_0001.jpg,Sharon_Stone
Sharon_Stone_0002.jpg,Sharon_Stone
Sharon_Stone_0003.jpg,Sharon_Stone
Sharon_Stone_0004.jpg,Sharon_Stone
Shaukat_Aziz_0001.jpg,Shaukat_Aziz
Shaukat_Aziz_0002.jpg,Shaukat_Aziz
Shawn_Bradley_0001.jpg,Shawn_Bradley
Shawn_Bradley_0002.jpg,Shawn_Bradley
Shawn_Bradley_0003.jpg,Shawn_Bradley
Shawn_Bradley_0004.jpg,Shawn_Bradley
Shigeo_Nagashim_0001.jpg,Shigeo_Nagashim
Shigeo_Nagashim_0002.jpg,Shigeo_Nagashim
Shigeru_Ishiba_0001.jpg,Shigeru_Ishiba
Shigeru_Ishiba_0002.jpg,Shigeru_Ishiba
Shirley_Jones_0001.jpg,Shirley_Jones
Shirley_Jones_0002.jpg,Shirley_Jones
Shirley_Jones_0003.jpg,Shirley_Jones
Shirley_Jones_0004.jpg,Shirley_Jones
Sidney_Kimmel_0001.jpg,Sidney_Kimmel
Sidney_Kimmel_0002.jpg,Sidney_Kimmel
Sigourney_Weaver_0001.jpg,Sigourney_Weaver
Sigourney_Weaver_0002.jpg,Sigourney_Weaver
Sigourney_Weaver_0003.jpg,Sigourney_Weaver
Sigourney_Weaver_0004.jpg,Sigourney_Weaver
Simon_Yam_0001.jpg,Simon_Yam
Simon_Yam_0002.jpg,Simon_Yam
Sivan_Klein_0001.jpg,Sivan_Klein
Sivan_Klein_0002.jpg,Sivan_Klein
Slobodan_Milosevic_0001.jpg,Slobodan_Milosevic
Slobodan_Milosevic_0002.jpg,Slobodan_Milosevic
Sonia_Gandhi_0001.jpg,Sonia_Gandhi
Sonia_Gandhi_0002.jpg,Sonia_Gandhi
Sonia_Gandhi_0003.jpg,Sonia_Gandhi
Sophia_Loren_0001.jpg,Sophia_Loren
Sophia_Loren_0002.jpg,Sophia_Loren
Sophia_Loren_0003.jpg,Sophia_Loren
Sourav_Ganguly_0001.jpg,Sourav_Ganguly
Sourav_Ganguly_0002.jpg,Sourav_Ganguly
Sourav_Ganguly_0003.jpg,Sourav_Ganguly
Sourav_Ganguly_0004.jpg,Sourav_Ganguly
Steffeny_Holtz_0001.jpg,Steffeny_Holtz
Steffeny_Holtz_0002.jpg,Steffeny_Holtz
Steffi_Graf_0001.jpg,Steffi_Graf
Steffi_Graf_0002.jpg,Steffi_Graf
Steffi_Graf_0003.jpg,Steffi_Graf
Steffi_Graf_0004.jpg,Steffi_Graf
Stellan_Skarsgard_0001.jpg,Stellan_Skarsgard
Stellan_Skarsgard_0002.jpg,Stellan_Skarsgard
Stellan_Skarsgard_0003.jpg,Stellan_Skarsgard
Stellan_Skarsgard_0004.jpg,Stellan_Skarsgard
Stella_McCartney_0001.jpg,Stella_McCartney
Stella_McCartney_0002.jpg,Stella_McCartney
Stella_McCartney_0003.jpg,Stella_McCartney
Stella_McCartney_0004.jpg,Stella_McCartney
Stephanie_Zimbalist_0001.jpg,Stephanie_Zimbalist
Stephanie_Zimbalist_0002.jpg,Stephanie_Zimbalist
Stephanie_Zimbalist_0003.jpg,Stephanie_Zimbalist
Stephanie_Zimbalist_0004.jpg,Stephanie_Zimbalist
Stephen_Frears_0001.jpg,Stephen_Frears
Stephen_Frears_0002.jpg,Stephen_Frears
Stephen_Frears_0003.jpg,Stephen_Frears
Stephen_Frears_0004.jpg,Stephen_Frears
Stephen_Friedman_0001.jpg,Stephen_Friedman
Stephen_Friedman_0002.jpg,Stephen_Friedman
Stephen_Friedman_0003.jpg,Stephen_Friedman
Stephen_Webster_0001.jpg,Stephen_Webster
Stephen_Webster_0002.jpg,Stephen_Webster
Steve_Alford_0001.jpg,Steve_Alford
Steve_Alford_0002.jpg,Steve_Alford
Steve_Alford_0003.jpg,Steve_Alford
Steve_Alford_0004.jpg,Steve_Alford
Steve_Allee_0001.jpg,Steve_Allee
Steve_Allee_0002.jpg,Steve_Allee
Steve_Kerr_0001.jpg,Steve_Kerr
Steve_Kerr_0002.jpg,Steve_Kerr
Steve_Kerr_0003.jpg,Steve_Kerr
Steve_Kerr_0004.jpg,Steve_Kerr
Steve_Peace_0001.jpg,Steve_Peace
Steve_Peace_0002.jpg,Steve_Peace
Steve_Spurrier_0001.jpg,Steve_Spurrier
Steve_Spurrier_0002.jpg,Steve_Spurrier
Steve_Spurrier_0003.jpg,Steve_Spurrier
Steve_Spurrier_0004.jpg,Steve_Spurrier
Steve_Valentine_0001.jpg,Steve_Valentine
Steve_Valentine_0002.jpg,Steve_Valentine
Steve_Valentine_0003.jpg,Steve_Valentine
Steve_Valentine_0004.jpg,Steve_Valentine
Susan_Sarandon_0001.jpg,Susan_Sarandon
Susan_Sarandon_0002.jpg,Susan_Sarandon
Susan_Sarandon_0003.jpg,Susan_Sarandon
Susan_Sarandon_0004.jpg,Susan_Sarandon
Suzanne_Mubarak_0001.jpg,Suzanne_Mubarak
Suzanne_Mubarak_0002.jpg,Suzanne_Mubarak
Suzanne_Mubarak_0003.jpg,Suzanne_Mubarak
Svend_Aage_Jensby_0001.jpg,Svend_Aage_Jensby
Svend_Aage_Jensby_0002.jpg,Svend_Aage_Jensby
Svend_Robinson_0001.jpg,Svend_Robinson
Svend_Robinson_0002.jpg,Svend_Robinson
Svend_Robinson_0003.jpg,Svend_Robinson
Svetislav_Pesic_0001.jpg,Svetislav_Pesic
Svetislav_Pesic_0002.jpg,Svetislav_Pesic
Svetislav_Pesic_0003.jpg,Svetislav_Pesic
Svetislav_Pesic_0004.jpg,Svetislav_Pesic
Svetlana_Koroleva_0001.jpg,Svetlana_Koroleva
Svetlana_Koroleva_0002.jpg,Svetlana_Koroleva
Svetlana_Koroleva_0003.jpg,Svetlana_Koroleva
Svetlana_Koroleva_0004.jpg,Svetlana_Koroleva
Takahiro_Mori_0001.jpg,Takahiro_Mori
Takahiro_Mori_0002.jpg,Takahiro_Mori
Takashi_Sorimachi_0001.jpg,Takashi_Sorimachi
Takashi_Sorimachi_0002.jpg,Takashi_Sorimachi
Takashi_Sorimachi_0003.jpg,Takashi_Sorimachi
Takashi_Sorimachi_0004.jpg,Takashi_Sorimachi
Talisa_Soto_0001.jpg,Talisa_Soto
Talisa_Soto_0002.jpg,Talisa_Soto
Teddy_Kollek_0001.jpg,Teddy_Kollek
Teddy_Kollek_0002.jpg,Teddy_Kollek
Teddy_Kollek_0003.jpg,Teddy_Kollek
Teddy_Kollek_0004.jpg,Teddy_Kollek
Teresa_Graves_0001.jpg,Teresa_Graves
Teresa_Graves_0002.jpg,Teresa_Graves
Teresa_Heinz_Kerry_0001.jpg,Teresa_Heinz_Kerry
Teresa_Heinz_Kerry_0002.jpg,Teresa_Heinz_Kerry
Teresa_Heinz_Kerry_0003.jpg,Teresa_Heinz_Kerry
Teresa_Heinz_Kerry_0004.jpg,Teresa_Heinz_Kerry
Teri_Files_0001.jpg,Teri_Files
Teri_Files_0002.jpg,Teri_Files
Terrell_Suggs_0001.jpg,Terrell_Suggs
Terrell_Suggs_0002.jpg,Terrell_Suggs
Terry_Bradshaw_0001.jpg,Terry_Bradshaw
Terry_Bradshaw_0002.jpg,Terry_Bradshaw
Terry_Bradshaw_0003.jpg,Terry_Bradshaw
Terry_Bradshaw_0004.jpg,Terry_Bradshaw
Terry_Stotts_0001.jpg,Terry_Stotts
Terry_Stotts_0002.jpg,Terry_Stotts
Terry_Stotts_0003.jpg,Terry_Stotts
Terry_Stotts_0004.jpg,Terry_Stotts
Thad_Matta_0001.jpg,Thad_Matta
Thad_Matta_0002.jpg,Thad_Matta
Thad_Matta_0003.jpg,Thad_Matta
Thierry_Mariani_0001.jpg,Thierry_Mariani
Thierry_Mariani_0002.jpg,Thierry_Mariani
Thierry_Mariani_0003.jpg,Thierry_Mariani
Thierry_Mariani_0004.jpg,Thierry_Mariani
Thomas_Gottschalk_0001.jpg,Thomas_Gottschalk
Thomas_Gottschalk_0002.jpg,Thomas_Gottschalk
Thomas_Gottschalk_0003.jpg,Thomas_Gottschalk
Thomas_Gottschalk_0004.jpg,Thomas_Gottschalk
Thomas_Haeggstroem_0001.jpg,Thomas_Haeggstroem
Thomas_Haeggstroem_0002.jpg,Thomas_Haeggstroem
Thomas_Klestil_0001.jpg,Thomas_Klestil
Thomas_Klestil_0002.jpg,Thomas_Klestil
Thomas_Klestil_0003.jpg,Thomas_Klestil
Thomas_Ulrich_0001.jpg,Thomas_Ulrich
Thomas_Ulrich_0002.jpg,Thomas_Ulrich
Thomas_Ulrich_0003.jpg,Thomas_Ulrich
Thomas_Ulrich_0004.jpg,Thomas_Ulrich
Tiffany_Limos_0001.jpg,Tiffany_Limos
Tiffany_Limos_0002.jpg,Tiffany_Limos
Timothy_McVeigh_0001.jpg,Timothy_McVeigh
Timothy_McVeigh_0002.jpg,Timothy_McVeigh
Timothy_McVeigh_0003.jpg,Timothy_McVeigh
Timothy_McVeigh_0004.jpg,Timothy_McVeigh
Tim_Blake_Nelson_0001.jpg,Tim_Blake_Nelson
Tim_Blake_Nelson_0002.jpg,Tim_Blake_Nelson
Tim_Blake_Nelson_0003.jpg,Tim_Blake_Nelson
Tim_Duncan_0001.jpg,Tim_Duncan
Tim_Duncan_0002.jpg,Tim_Duncan
Tim_Duncan_0003.jpg,Tim_Duncan
Tim_Duncan_0004.jpg,Tim_Duncan
Tim_Floyd_0001.jpg,Tim_Floyd
Tim_Floyd_0002.jpg,Tim_Floyd
Tim_Floyd_0003.jpg,Tim_Floyd
Tim_Henman_0001.jpg,Tim_Henman
Tim_Henman_0002.jpg,Tim_Henman
Tim_Henman_0003.jpg,Tim_Henman
Tim_Henman_0004.jpg,Tim_Henman
Tim_Salmon_0001.jpg,Tim_Salmon
Tim_Salmon_0002.jpg,Tim_Salmon
Tim_Salmon_0003.jpg,Tim_Salmon
Toby_Keith_0001.jpg,Toby_Keith
Toby_Keith_0002.jpg,Toby_Keith
Todd_Parrott_0001.jpg,Todd_Parrott
Todd_Parrott_0002.jpg,Todd_Parrott
Tommy_Amaker_0001.jpg,Tommy_Amaker
Tommy_Amaker_0002.jpg,Tommy_Amaker
Tommy_Amaker_0003.jpg,Tommy_Amaker
Tommy_Amaker_0004.jpg,Tommy_Amaker
Tommy_Haas_0001.jpg,Tommy_Haas
Tommy_Haas_0002.jpg,Tommy_Haas
Tommy_Maddox_0001.jpg,Tommy_Maddox
Tommy_Maddox_0002.jpg,Tommy_Maddox
Tom_Hanks_0001.jpg,Tom_Hanks
Tom_Hanks_0002.jpg,Tom_Hanks
Tom_Harkin_0001.jpg,Tom_Harkin
Tom_Harkin_0002.jpg,Tom_Harkin
Tom_Harkin_0003.jpg,Tom_Harkin
Tom_Harkin_0004.jpg,Tom_Harkin
Tom_Sizemore_0001.jpg,Tom_Sizemore
Tom_Sizemore_0002.jpg,Tom_Sizemore
Tom_Sizemore_0003.jpg,Tom_Sizemore
Tono_Suratman_0001.jpg,Tono_Suratman
Tono_Suratman_0002.jpg,Tono_Suratman
Tony_Curtis_0001.jpg,Tony_Curtis
Tony_Curtis_0002.jpg,Tony_Curtis
Tony_Curtis_0003.jpg,Tony_Curtis
Tony_LaRussa_0001.jpg,Tony_LaRussa
Tony_LaRussa_0002.jpg,Tony_LaRussa
Tony_LaRussa_0003.jpg,Tony_LaRussa
Tony_LaRussa_0004.jpg,Tony_LaRussa
Torri_Edwards_0001.jpg,Torri_Edwards
Torri_Edwards_0002.jpg,Torri_Edwards
Torri_Edwards_0003.jpg,Torri_Edwards
Torri_Edwards_0004.jpg,Torri_Edwards
Toshimitsu_Motegi_0001.jpg,Toshimitsu_Motegi
Toshimitsu_Motegi_0002.jpg,Toshimitsu_Motegi
Toutai_Kefu_0001.jpg,Toutai_Kefu
Toutai_Kefu_0002.jpg,Toutai_Kefu
Tristan_Gretzky_0001.jpg,Tristan_Gretzky
Tristan_Gretzky_0002.jpg,Tristan_Gretzky
Troy_Garity_0001.jpg,Troy_Garity
Troy_Garity_0002.jpg,Troy_Garity
Troy_Polamalu_0001.jpg,Troy_Polamalu
Troy_Polamalu_0002.jpg,Troy_Polamalu
Troy_Polamalu_0003.jpg,Troy_Polamalu
Troy_Polamalu_0004.jpg,Troy_Polamalu
Turner_Gill_0001.jpg,Turner_Gill
Turner_Gill_0002.jpg,Turner_Gill
Tyra_Banks_0001.jpg,Tyra_Banks
Tyra_Banks_0002.jpg,Tyra_Banks
Uzi_Landau_0001.jpg,Uzi_Landau
Uzi_Landau_0002.jpg,Uzi_Landau
Vaclav_Havel_0001.jpg,Vaclav_Havel
Vaclav_Havel_0002.jpg,Vaclav_Havel
Vaclav_Havel_0003.jpg,Vaclav_Havel
Vaclav_Havel_0004.jpg,Vaclav_Havel
Valdas_Adamkus_0001.jpg,Valdas_Adamkus
Valdas_Adamkus_0002.jpg,Valdas_Adamkus
Valdas_Adamkus_0003.jpg,Valdas_Adamkus
Valdas_Adamkus_0004.jpg,Valdas_Adamkus
Valentino_Rossi_0001.jpg,Valentino_Rossi
Valentino_Rossi_0002.jpg,Valentino_Rossi
Valentino_Rossi_0003.jpg,Valentino_Rossi
Valentino_Rossi_0004.jpg,Valentino_Rossi
Valerie_Harper_0001.jpg,Valerie_Harper
Valerie_Harper_0002.jpg,Valerie_Harper
Valerie_Harper_0003.jpg,Valerie_Harper
Valerie_Harper_0004.jpg,Valerie_Harper
Valery_Giscard_dEstaing_0001.jpg,Valery_Giscard_dEstaing
Valery_Giscard_dEstaing_0002.jpg,Valery_Giscard_dEstaing
Valery_Giscard_dEstaing_0003.jpg,Valery_Giscard_dEstaing
Valery_Giscard_dEstaing_0004.jpg,Valery_Giscard_dEstaing
Val_Ackerman_0001.jpg,Val_Ackerman
Val_Ackerman_0002.jpg,Val_Ackerman
Val_Ackerman_0003.jpg,Val_Ackerman
Val_Ackerman_0004.jpg,Val_Ackerman
Vanessa_Incontrada_0001.jpg,Vanessa_Incontrada
Vanessa_Incontrada_0002.jpg,Vanessa_Incontrada
Vernon_Forrest_0001.jpg,Vernon_Forrest
Vernon_Forrest_0002.jpg,Vernon_Forrest
Veronica_Lake_0001.jpg,Veronica_Lake
Veronica_Lake_0002.jpg,Veronica_Lake
Viara_Vike-Freiberga_0001.jpg,Viara_Vike-Freiberga
Viara_Vike-Freiberga_0002.jpg,Viara_Vike-Freiberga
Victoria_Beckham_0001.jpg,Victoria_Beckham
Victoria_Beckham_0002.jpg,Victoria_Beckham
Victoria_Beckham_0003.jpg,Victoria_Beckham
Victoria_Beckham_0004.jpg,Victoria_Beckham
Vijay_Nambiar_0001.jpg,Vijay_Nambiar
Vijay_Nambiar_0002.jpg,Vijay_Nambiar
Vince_Dooley_0001.jpg,Vince_Dooley
Vince_Dooley_0002.jpg,Vince_Dooley
Vince_Dooley_0003.jpg,Vince_Dooley
Vince_Dooley_0004.jpg,Vince_Dooley
Vojislav_Seselj_0001.jpg,Vojislav_Seselj
Vojislav_Seselj_0002.jpg,Vojislav_Seselj
Wang_Yingfan_0001.jpg,Wang_Yingfan
Wang_Yingfan_0002.jpg,Wang_Yingfan
Wang_Yingfan_0003.jpg,Wang_Yingfan
Warren_Buffett_0001.jpg,Warren_Buffett
Warren_Buffett_0002.jpg,Warren_Buffett
Warren_Buffett_0003.jpg,Warren_Buffett
Warren_Buffett_0004.jpg,Warren_Buffett
William_Ford_Jr_0001.jpg,William_Ford_Jr
William_Ford_Jr_0002.jpg,William_Ford_Jr
William_Joppy_0001.jpg,William_Joppy
William_Joppy_0002.jpg,William_Joppy
William_Webster_0001.jpg,William_Webster
William_Webster_0002.jpg,William_Webster
William_Webster_0003.jpg,William_Webster
William_Webster_0004.jpg,William_Webster
Willie_Nelson_0001.jpg,Willie_Nelson
Willie_Nelson_0002.jpg,Willie_Nelson
Willie_Nelson_0003.jpg,Willie_Nelson
Winona_Ryder_0001.jpg,Winona_Ryder
Winona_Ryder_0002.jpg,Winona_Ryder
Winona_Ryder_0003.jpg,Winona_Ryder
Winona_Ryder_0004.jpg,Winona_Ryder
Wu_Yi_0001.jpg,Wu_Yi
Wu_Yi_0002.jpg,Wu_Yi
Wu_Yi_0003.jpg,Wu_Yi
Wu_Yi_0004.jpg,Wu_Yi
Xanana_Gusmao_0001.jpg,Xanana_Gusmao
Xanana_Gusmao_0002.jpg,Xanana_Gusmao
Xanana_Gusmao_0003.jpg,Xanana_Gusmao
Xanana_Gusmao_0004.jpg,Xanana_Gusmao
Yang_Jianli_0001.jpg,Yang_Jianli
Yang_Jianli_0002.jpg,Yang_Jianli
Yann_Martel_0001.jpg,Yann_Martel
Yann_Martel_0002.jpg,Yann_Martel
Yann_Martel_0003.jpg,Yann_Martel
Yann_Martel_0004.jpg,Yann_Martel
Yao_Ming_0001.jpg,Yao_Ming
Yao_Ming_0002.jpg,Yao_Ming
Yao_Ming_0003.jpg,Yao_Ming
Yekaterina_Guseva_0001.jpg,Yekaterina_Guseva
Yekaterina_Guseva_0002.jpg,Yekaterina_Guseva
Yory_Boy_Campas_0001.jpg,Yory_Boy_Campas
Yory_Boy_Campas_0002.jpg,Yory_Boy_Campas
Yoshiyuki_Kamei_0001.jpg,Yoshiyuki_Kamei
Yoshiyuki_Kamei_0002.jpg,Yoshiyuki_Kamei
Yoshiyuki_Kamei_0003.jpg,Yoshiyuki_Kamei
Zafarullah_Khan_Jamali_0001.jpg,Zafarullah_Khan_Jamali
Zafarullah_Khan_Jamali_0002.jpg,Zafarullah_Khan_Jamali
Zakia_Hakki_0001.jpg,Zakia_Hakki
Zakia_Hakki_0002.jpg,Zakia_Hakki
Zhang_Yimou_0001.jpg,Zhang_Yimou
Zhang_Yimou_0002.jpg,Zhang_Yimou
Zhang_Yimou_0003.jpg,Zhang_Yimou
Zhang_Yimou_0004.jpg,Zhang_Yimou
